:020000040800F2
:1000000000000220A5670008A13C0008A93C0008E8
:10001000B13C0008B93C0008C13C000800000000E9
:10002000000000000000000000000000C93C0008C3
:10003000D73C000800000000E53C0008F33C000845
:10004000F5670008F5670008F5670008F567000820
:10005000F5670008F5670008F5670008F567000810
:10006000F5670008F5670008F5670008F567000800
:10007000F5670008F5670008F5670008F5670008F0
:10008000F5670008F5670008F5670008F5670008E0
:10009000F5670008F5670008F5670008F5670008D0
:1000A000F5670008F5670008F5670008F5670008C0
:1000B000013D0008153D0008F5670008F5670008D8
:1000C000F5670008F5670008F5670008F5670008A0
:1000D000F5670008293D0008F5670008F567000886
:1000E000F5670008F5670008F5670008F567000880
:1000F000F5670008F5670008F5670008F567000870
:10010000F5670008F5670008F5670008F56700085F
:10011000F5670008F5670008F5670008F56700084F
:10012000F5670008F5670008F5670008F56700083F
:10013000F5670008F5670008F5670008F56700082F
:10014000F5670008F5670008F5670008F56700081F
:10015000F5670008F5670008F5670008F56700080F
:10016000F5670008F5670008F5670008F5670008FF
:10017000F5670008F5670008F56700080000000053
:08018000F5670008F5670008AF
:1001900010B5054C237833B9044B13B10448AFF3C1
:1001A00000800123237010BDD40100200000000056
:1001B000F495000808B5034B1BB103490348AFF39E
:1001C000008008BD00000000D8010020F495000860
:1001D00053B94AB9002908BF00281CBF4FF0FF31AE
:1001E0004FF0FF3000F088B9ADF1080C6DE904CE96
:1001F00000F006F8DDF804E0DDE9022304B0704702
:100200002DE9F047089D0F4604468C46002B48D147
:100210008A42164661D9B2FA82F34BB1C3F1200289
:1002200001FA03FC20FA02F29E4042EA0C0C9C40C8
:100230004FEA164EB7B2BCFBFEF1220C0EFB11CCFE
:1002400042EA0C4201FB07F0904209D9B21801F1D1
:10025000FF3C80F0EE80904240F2EB800239324465
:10026000121AA4B2B2FBFEF00EFB102244EA0244C2
:1002700000FB07F7A74209D9341900F1FF3280F0DB
:10028000DA80A74240F2D7803444023840EA014085
:10029000E41B00211DB1DC400023C5E90043BDE89B
:1002A000F0878B4206D90DB1C5E90001002108464F
:1002B000BDE8F087B3FA83F1002948D1BB4202D3ED
:1002C000824200F20781841A67EB03020120944600
:1002D000002DE4D0C5E9004CE1E7002A00F092804F
:1002E000B2FA82F3002B40F0A8808A1A4FEA164E29
:1002F0001FFA86FC0121200CB2FBFEF70EFB172231
:1003000040EA02420CFB07F0904207D9B21807F10D
:10031000FF3802D2904200F2E2804746121AA4B29D
:10032000B2FBFEF00EFB102244EA02440CFB00FC80
:10033000A44507D9341900F1FF3202D2A44500F2D6
:10034000CB801046A4EB0C0440EA0740A2E7C1F1C1
:1003500020068B4022FA06FC4CEA030C07FA01F453
:1003600020FA06F3F7404FEA1C49234300FA01F84C
:100370001FFA8CFEB7FBF9F01C0C09FB107744EA5E
:10038000074400FB0EF7A74202FA01F20AD91CEB60
:10039000040400F1FF3A80F09B80A74240F298806D
:1003A00002386444E41B9FB2B4FBF9F309FB134425
:1003B00047EA044403FB0EFEA64509D91CEB0404DE
:1003C00003F1FF3780F08280A6457FD9023B644469
:1003D00043EA0040A4EB0E04A0FB02E7BC427346D4
:1003E000B94663D360D05DB1B8EB030264EB090496
:1003F00004FA06F622FA01F31E43CC40C5E9006474
:1004000000214CE76208480842EAC1710B0C43EA3C
:1004100000438AB242EA0342B3FBF6F1E407B44672
:100420003746B6461F23B0FBF6F0D21B41EA004127
:1004300061E7614614E7104628E7C3F1200120FA7E
:1004400001F29E4027FA01F19F403A434FEA164ECF
:100450001FFA86FCB1FBFEF70EFB1710110C41EAE8
:10046000004107FB0CF8884504FA03F43AD97118E7
:1004700007F1FF3001D288451FD8A1EB0801B1FB7D
:10048000FEF808FB0CF70EFB181192B242EA01428B
:10049000BA422FD2B21808F1FF31C6D2BA42C4D242
:1004A000A8F102013244C0E7F0459CD2BEEB020342
:1004B00067EB0C070138B94695E7A6EB08084144FD
:1004C000B81EB1FBFEF808FB0CF7DCE73B467FE704
:1004D000504667E70846FBE63444023832E7023FFD
:1004E00032441BE7A1EB08013846B1FBFEF808FBDC
:1004F0000CF7C8E7414698E7704700BF034613F87A
:10050000012B002AFBD1181A0138704700000000A7
:1005100001F0FF01102A2BDB10F0070F08D010F8B4
:10052000013B013A8B422DD010F0070F42B3F6D1B8
:10053000F0B441EA012141EA014122F007047FF0D1
:1005400000070023F0E80256083C85EA010586EA28
:10055000010685FA47F5A3FA87F586FA47F6A5FA64
:1005600087F68EB9EED1F0BC01F0FF0102F0070270
:1005700032B110F8013B013A83EA010313B1F8D11B
:100580000020704701387047002D06BF35460338FC
:10059000073815F0010F07D1013015F4807F02BF35
:1005A000013015F4C03F0130F0BC0138704700BF86
:1005B00081F0004102E000BF83F0004330B54FEA14
:1005C00041044FEA430594EA050F08BF90EA020F81
:1005D0001FBF54EA000C55EA020C7FEA645C7FEA14
:1005E000655C00F0E2804FEA5454D4EB5555B8BF37
:1005F0006D420CDD2C4480EA020281EA030382EAA8
:10060000000083EA010180EA020281EA0303362D39
:1006100088BF30BD11F0004F4FEA01314FF4801C0C
:100620004CEA113102D0404261EB410113F0004F1E
:100630004FEA03334CEA133302D0524263EB4303D5
:1006400094EA050F00F0A780A4F10104D5F1200E73
:100650000DDB02FA0EFC22FA05F2801841F10001CE
:1006600003FA0EF2801843FA05F359410EE0A5F1A2
:1006700020050EF1200E012A03FA0EFC28BF4CF0D3
:10068000020C43FA05F3C01851EBE37101F0004589
:1006900007D54FF0000EDCF1000C7EEB00006EEB96
:1006A0000101B1F5801F1BD3B1F5001F0CD3490820
:1006B0005FEA30004FEA3C0C04F101044FEA445277
:1006C00012F5800F80F09A80BCF1004F08BF5FEAFE
:1006D000500C50F1000041EB045141EA050130BDDE
:1006E0005FEA4C0C404141EB0101013C28BFB1F5F0
:1006F000801FE9D291F0000F04BF01460020B1FA3B
:1007000081F308BF2033A3F10B03B3F120020CDA0D
:100710000C3208DD02F1140CC2F10C0201FA0CF0EB
:1007200021FA02F10CE002F11402D8BFC2F1200C50
:1007300001FA02F120FA0CFCDCBF41EA0C01904006
:10074000E41AA2BF01EB0451294330BD6FEA04044F
:100750001F3C1CDA0C340EDC04F11404C4F120023A
:1007600020FA04F001FA02F340EA030021FA04F34C
:1007700045EA030130BDC4F10C04C4F1200220FAA3
:1007800002F001FA04F340EA0300294630BD21FAE1
:1007900004F0294630BD94F0000F83F4801306BFA7
:1007A00081F480110134013D4EE77FEA645C18BF9B
:1007B0007FEA655C29D094EA050F08BF90EA020F32
:1007C00005D054EA000C04BF1946104630BD91EA2A
:1007D000030F1EBF0021002030BD5FEA545C05D12D
:1007E0004000494128BF41F0004130BD14F580046C
:1007F0003CBF01F5801130BD01F0004545F0FE41E0
:1008000041F470014FF0000030BD7FEA645C1ABF14
:10081000194610467FEA655C1CBF0B46024650EA4B
:10082000013406BF52EA033591EA030F41F4002177
:1008300030BD00BF90F0000F04BF0021704730B5FD
:100840004FF4806404F132044FF000054FF00001D2
:1008500050E700BF90F0000F04BF0021704730B593
:100860004FF4806404F1320410F0004548BF404268
:100870004FF000013EE700BF42004FEAE2014FEABD
:1008800031014FEA02701FBF12F07F4393F07F4F98
:1008900081F06051704732F07F4208BF704793F09B
:1008A0007F4F04BF41F40021704730B54FF46074AE
:1008B00001F0004521F000411CE700BF50EA0102B1
:1008C00008BF704730B54FF000050AE050EA01025A
:1008D00008BF704730B511F0004502D5404261EBCA
:1008E00041014FF4806404F132045FEA915C3FF40B
:1008F000D8AE4FF003025FEADC0C18BF03325FEAA8
:10090000DC0C18BF033202EBDC02C2F1200300FA58
:1009100003FC20FA02F001FA03FE40EA0E0021FA7D
:1009200002F11444BDE600BF70B54FF0FF0C4CF46B
:10093000E06C1CEA11541DBF1CEA135594EA0C0F1D
:1009400095EA0C0F00F0DEF82C4481EA030621EA58
:100950004C5123EA4C5350EA013518BF52EA033593
:1009600041F4801143F4801338D0A0FB02CE4FF045
:100970000005E1FB02E506F00042E0FB03E54FF075
:100980000006E1FB03569CF0000F18BF4EF0010E6D
:10099000A4F1FF04B6F5007F64F5407404D25FEA69
:1009A0004E0E6D4146EB060642EAC62141EA55511C
:1009B0004FEAC52040EA5E504FEACE2EB4F1FD0C5E
:1009C00088BFBCF5E06F1ED8BEF1004F08BF5FEADC
:1009D000500E50F1000041EB045170BD06F000468E
:1009E00046EA010140EA020081EA0301B4EB5C043B
:1009F000C2BFD4EB0C0541EA045170BD41F4801133
:100A00004FF0000E013C00F3AB8014F1360FDEBF57
:100A1000002001F0004170BDC4F10004203C35DA33
:100A20000C341BDC04F11404C4F1200500FA05F3B6
:100A300020FA04F001FA05F240EA020001F0004257
:100A400021F0004110EBD37021FA04F642EB0601CD
:100A50005EEA430E08BF20EAD37070BDC4F10C04F7
:100A6000C4F1200500FA04F320FA05F001FA04F2BB
:100A700040EA020001F0004110EBD37041F10001A7
:100A80005EEA430E08BF20EAD37070BDC4F12005B2
:100A900000FA05F24EEA020E20FA04F301FA05F21A
:100AA00043EA020321FA04F001F0004121FA04F2C2
:100AB00020EA020000EBD3705EEA430E08BF20EA92
:100AC000D37070BD94F0000F0FD101F000464000CC
:100AD00041EB010111F4801F08BF013CF7D041EA4E
:100AE000060195F0000F18BF704703F00046520052
:100AF00043EB030313F4801F08BF013DF7D043EA23
:100B00000603704794EA0C0F0CEA135518BF95EAD8
:100B10000C0F0CD050EA410618BF52EA4306D1D15F
:100B200081EA030101F000414FF0000070BD50EA7E
:100B3000410606BF1046194652EA430619D094EA08
:100B40000C0F02D150EA013613D195EA0C0F05D1F2
:100B500052EA03361CBF104619460AD181EA030146
:100B600001F0004141F0FE4141F470014FF00000FE
:100B700070BD41F0FE4141F4780170BD70B54FF099
:100B8000FF0C4CF4E06C1CEA11541DBF1CEA135519
:100B900094EA0C0F95EA0C0F00F0A7F8A4EB0504FB
:100BA00081EA030E52EA03354FEA013100F08880F2
:100BB0004FEA03334FF0805545EA131343EA1263BB
:100BC0004FEA022245EA111545EA10654FEA002670
:100BD0000EF000419D4208BF964244F1FD0404F529
:100BE000407402D25B084FEA3202B61A65EB030585
:100BF0005B084FEA32024FF480104FF4002CB6EB42
:100C0000020E75EB030E22BFB61A754640EA0C00C1
:100C10005B084FEA3202B6EB020E75EB030E22BF01
:100C2000B61A754640EA5C005B084FEA3202B6EB42
:100C3000020E75EB030E22BFB61A754640EA9C0001
:100C40005B084FEA3202B6EB020E75EB030E22BFD1
:100C5000B61A754640EADC0055EA060E18D04FEA8F
:100C6000051545EA16754FEA06164FEAC30343EA2F
:100C700052734FEAC2025FEA1C1CC0D111F4801FFC
:100C80000BD141EA00014FF000004FF0004CB6E7F5
:100C900011F4801F04BF01430020B4F1FD0C88BF94
:100CA000BCF5E06F3FF6AFAEB5EB030C04BFB6EB9F
:100CB000020C5FEA500C50F1000041EB045170BD92
:100CC0000EF0004E4EEA113114EB5C04C2BFD4EBBF
:100CD0000C0541EA045170BD41F480114FF0000E43
:100CE000013C90E645EA060E8DE60CEA135594EABF
:100CF0000C0F08BF95EA0C0F3FF43BAF94EA0C0FC2
:100D00000AD150EA01347FF434AF95EA0C0F7FF436
:100D100025AF104619462CE795EA0C0F06D152EA8A
:100D200003353FF4FDAE1046194622E750EA41066E
:100D300018BF52EA43067FF4C5AE50EA41047FF47F
:100D40000DAF52EA43057FF4EBAE12E74FF0FF3CE4
:100D500006E000BF4FF0010C02E000BF4FF0010CB5
:100D60004DF804CD4FEA410C7FEA6C5C4FEA430C2E
:100D700018BF7FEA6C5C1BD001B050EA410C0CBF7D
:100D800052EA430C91EA030F02BF90EA020F0020DF
:100D9000704710F1000F91EA030F58BF994208BF46
:100DA00090422CBFD8176FEAE37040F00100704703
:100DB0004FEA410C7FEA6C5C02D150EA013C07D15A
:100DC0004FEA430C7FEA6C5CD6D152EA033CD3D0A5
:100DD0005DF8040B704700BF8446104662468C469F
:100DE0001946634600E000BF01B5FFF7B7FF0028D2
:100DF00048BF10F1000F01BD4DF808EDFFF7F4FFFB
:100E00000CBF012000205DF808FB00BF4DF808ED85
:100E1000FFF7EAFF34BF012000205DF808FB00BFA8
:100E20004DF808EDFFF7E0FF94BF012000205DF8CA
:100E300008FB00BF4DF808EDFFF7CEFF94BF01207F
:100E400000205DF808FB00BF4DF808EDFFF7C4FF78
:100E500034BF012000205DF808FB00BF4FEA410CC1
:100E60007FEA6C5C02D150EA013C0AD14FEA430CA4
:100E70007FEA6C5C02D152EA033C02D14FF00000E1
:100E800070474FF0010070474A0011D212F500126E
:100E900011D20DD56FF47873B3EB62520ED44FEAD2
:100EA000C12343F0004343EA505323FA02F0704752
:100EB0004FF00000704750EA013002D14FF0FF3090
:100EC00070474FF0000070474FEA4102B2F1E04333
:100ED00024BFB3F5001CDCF1FE5C0DD901F0004C21
:100EE0004FEAC0024CEA5070B2F1004F40EB830071
:100EF00008BF20F00100704711F0804F21D113F19D
:100F00003872BCBF01F00040704741F480114FEAD5
:100F10005252C2F11802C2F1200C10FA0CF320FA5E
:100F200002F018BF40F001004FEAC1234FEAD3237B
:100F300003FA0CFC40EA0C0023FA02F34FEA4303E5
:100F4000CCE77FEA625307D150EA01331EBF4FF06E
:100F5000FE4040F44000704701F0004040F0FE4089
:100F600040F40000704700BF38B50022002304465B
:100F70000D46FFF74BFF28B920462946BDE838400B
:100F800000F00AB8204605F1004100F005F84042A3
:100F900061EB410138BD00BFD0B50C4B00220646C5
:100FA0000F46FFF7C1FCFFF76FFF0446FFF742FC57
:100FB000074B0022FFF7B8FC02460B463046394685
:100FC000FFF7FAFAFFF760FF2146D0BD0000F03DC1
:100FD0000000F04180B400AF064BD3F88830054ADA
:100FE00043F47003C2F8883000BFBD465DF8047B4F
:100FF000704700BF00ED00E080B586B000AF7860BC
:101000007B68002B01D1012367E27B681B6803F03A
:101010000103002B75D0884B9B6803F00C03042B55
:101020000CD0854B9B6803F00C03082B12D1824B2C
:101030005B6803F48003B3F5800F0BD17E4B1B6814
:1010400003F40033002B5BD07B685B68002B57D127
:10105000012342E27B685B68B3F5803F06D1764BA3
:101060001B68754A43F4803313601DE07B685B683E
:10107000B3F5A02F0CD1704B1B686F4A43F480234B
:1010800013606D4B1B686C4A43F4803313600BE0B4
:10109000694B1B68684A23F480331360664B1B68F6
:1010A000654A23F4802313607B685B68002B13D0B0
:1010B00002F056FD386108E002F052FD02463B693D
:1010C000D31A642B01D9032307E25B4B1B6803F49B
:1010D0000033002BF0D014E002F042FD386108E04C
:1010E00002F03EFD02463B69D31A642B01D903236B
:1010F000F3E1514B1B6803F40033002BF0D100E007
:1011000000BF7B681B6803F00203002B63D04A4BCF
:101110009B6803F00C03002B0BD0474B9B6803F03C
:101120000C03082B1CD1444B5B6803F48003002B99
:1011300016D1414B1B6803F00203002B05D07B68DE
:10114000DB68012B01D00123C7E13B4B1B6823F077
:10115000F8027B681B69DB00374913430B603AE0F8
:101160007B68DB68002B20D0344B01221A6002F030
:10117000F7FC386108E002F0F3FC02463B69D31A41
:10118000022B01D90323A8E12B4B1B6803F00203B8
:10119000002BF0D0284B1B6823F0F8027B681B69FA
:1011A000DB00254913430B6015E0244B00221A6035
:1011B00002F0D6FC386108E002F0D2FC02463B693E
:1011C000D31A022B01D9032387E11B4B1B6803F0C1
:1011D0000203002BF0D17B681B6803F00803002B8F
:1011E00036D07B685B69002B16D0154B01221A6044
:1011F00002F0B6FC386108E002F0B2FC02463B693E
:10120000D31A022B01D9032367E10B4B5B6F03F069
:101210000203002BF0D01BE0094B00221A6002F001
:101220009FFC38610EE002F09BFC02463B69D31A3A
:10123000022B07D9032350E1003802400000474247
:10124000800E4742884B5B6F03F00203002BEAD10C
:101250007B681B6803F00403002B00F097800023D9
:10126000FB75814B1B6C03F08053002B0FD10023C7
:10127000BB607D4B1B6C7C4A43F0805313647A4BFC
:101280001B6C03F08053BB60BB680123FB75774B7D
:101290001B6803F48073002B18D1744B1B68734ACE
:1012A00043F48073136002F05BFC386108E002F0E5
:1012B00057FC02463B69D31A022B01D903230CE1E8
:1012C0006A4B1B6803F48073002BF0D07B689B682B
:1012D000012B06D1644B1B6F634A43F00103136774
:1012E0001CE07B689B68052B0CD15F4B1B6F5E4A33
:1012F00043F0040313675C4B1B6F5B4A43F001032D
:1013000013670BE0584B1B6F574A23F00103136719
:10131000554B1B6F544A23F0040313677B689B688B
:10132000002B15D002F01CFC38610AE002F018FC1A
:1013300002463B69D31A41F28832934201D9032312
:10134000CBE0494B1B6F03F00203002BEED014E0FF
:1013500002F006FC38610AE002F002FC02463B693A
:10136000D31A41F28832934201D90323B5E03E4BB0
:101370001B6F03F00203002BEED1FB7D012B05D187
:10138000394B1B6C384A23F0805313647B689B698C
:10139000002B00F0A180344B9B6803F00C03082B5A
:1013A0005CD07B689B69022B41D1314B00221A60D3
:1013B00002F0D6FB386108E002F0D2FB02463B693E
:1013C000D31A022B01D9032387E0274B1B6803F0B4
:1013D0000073002BF0D17B68DA697B681B6A1A43C3
:1013E0007B685B6A9B011A437B689B6A5B08013BD5
:1013F0001B041A437B68DB6A1B061B4913434B60C3
:101400001B4B01221A6002F0ABFB386108E002F0CE
:10141000A7FB02463B69D31A022B01D903235CE0E8
:10142000114B1B6803F00073002BF0D054E0104BFD
:1014300000221A6002F094FB386108E002F090FB91
:1014400002463B69D31A022B01D9032345E0064B20
:101450001B6803F00073002BF0D13DE07B689B69B3
:10146000012B07D1012338E0003802400070004012
:10147000600047421B4B5B68FB607B689B69012BEC
:1014800028D0FB6803F480027B68DB699A4221D193
:10149000FB6803F03F027B681B6A9A421AD1FA6824
:1014A00047F6C07313407A68526A9201934211D191
:1014B000FB6803F440327B689B6A5B08013B1B04BA
:1014C0009A4207D1FB6803F070627B68DB6A1B06F7
:1014D0009A4201D0012300E0002318461837BD4688
:1014E00080BD00BF0038024080B584B000AF786096
:1014F00039607B68002B01D10123CCE0684B1B686D
:1015000003F007033A689A420CD9654B3A68D2B2A5
:101510001A70634B1B6803F007033A689A4201D0C4
:101520000123B8E07B681B6803F00203002B20D086
:101530007B681B6803F00403002B05D0594B9B68A4
:10154000584A43F4E05393607B681B6803F0080338
:10155000002B05D0534B9B68524A43F46043936081
:10156000504B9B6823F0F0027B689B684D49134306
:101570008B607B681B6803F00103002B44D07B6801
:101580005B68012B07D1474B1B6803F40033002B2A
:1015900019D101237FE07B685B68022B03D07B6855
:1015A0005B68032B07D13F4B1B6803F00073002BD4
:1015B00009D101236FE03B4B1B6803F00203002BB2
:1015C00001D1012367E0374B9B6823F003027B685E
:1015D0005B68344913438B6002F0C2FAF8600AE09A
:1015E00002F0BEFA0246FB68D31A41F288329342F7
:1015F00001D903234FE02B4B9B6803F00C027B685F
:101600005B689B009A42EBD1254B1B6803F00703F4
:101610003A689A420CD2224B3A68D2B21A70204BE6
:101620001B6803F007033A689A4201D0012332E0B5
:101630007B681B6803F00403002B08D0194B9B68E0
:1016400023F4E0527B68DB68164913438B607B68A8
:101650001B6803F00803002B09D0124B9B6823F48E
:1016600060427B681B69DB000E4913438B6000F00E
:1016700021F802460B4B9B681B0903F00F030A4934
:10168000CB5C22FA03F3094A1360094B1B68184626
:1016900002F022FA002318461037BD4680BD00BF75
:1016A000003C024000380240B096000800000020D4
:1016B000040000202DE9B04F90B000AF00237B6301
:1016C0000023FB6300233B630023BB63584B9B68F1
:1016D00003F00C03082B0DD0082B00F2A080002B88
:1016E00002D0042B03D09AE0524BBB639AE0524BDA
:1016F000BB6397E04E4B5B6803F03F037B634C4B4F
:101700005B6803F48003002B27D0494B5B689B097F
:1017100000223B627A623B6AC3F308000021464B19
:1017200003FB01F2002300FB03F31344424AA0FB36
:101730000221F962BA62FA6A1344FB627B6B0022EF
:10174000BB61FA61D7E90623D7E90A01FEF740FD3C
:1017500002460B461346FB6353E0354B5B689B091F
:1017600000223B617A613B69C3F3080A4FF0000B2A
:1017700052465B464FF000004FF00001590141EA2C
:10178000D261500102460B46B2EB0A0863EB0B092B
:101790004FF000024FF000034FEA891343EA9863C9
:1017A0004FEA8812B2EB080463EB09054FF0000220
:1017B0004FF00003EB0043EA5473E20014461D4669
:1017C00014EB0A033B6045EB0B037B604FF0000218
:1017D0004FF00003D7E9004529468B02214643EA32
:1017E000915321468A02104619467B6B0022BB604A
:1017F000FA60D7E90223FEF7EBFC02460B461346DC
:10180000FB630B4B5B681B0C03F0030301335B00B2
:101810003B63FA6B3B6BB2FBF3F3BB6302E0054B3C
:10182000BB6300BFBB6B18464037BD46BDE8B08FF9
:10183000003802400024F40040787D0180B400AFFD
:10184000034B1B681846BD465DF8047B704700BF1C
:101850000000002080B500AFFFF7F0FF0246054B07
:101860009B689B0A03F007030349CB5C22FA03F34E
:10187000184680BD00380240C096000880B500AF11
:10188000FFF7DCFF0246054B9B685B0B03F0070389
:101890000349CB5C22FA03F3184680BD00380240AE
:1018A000C096000880B489B000AF7860396000232A
:1018B0007B6100233B610023BB610023FB616BE183
:1018C0000122FB6902FA03F37B613B681B687A69BA
:1018D00013403B613A697B699A4240F05A813B6808
:1018E0005B6803F00303012B05D03B685B6803F0E2
:1018F0000303022B30D17B689B68BB61FB695B00F3
:10190000032202FA03F3DB43BA691340BB613B686D
:10191000DA68FB695B0002FA03F3BA691343BB613F
:101920007B68BA699A607B685B68BB610122FB696E
:1019300002FA03F3DB43BA691340BB613B685B689F
:101940001B0903F00102FB6902FA03F3BA691343AE
:10195000BB617B68BA695A603B685B6803F003034C
:10196000032B17D07B68DB68BB61FB695B0003223C
:1019700002FA03F3DB43BA691340BB613B689A6820
:10198000FB695B0002FA03F3BA691343BB617B682E
:10199000BA69DA603B685B6803F00303022B23D16A
:1019A000FB69DA087B68083253F82230BB61FB69B7
:1019B00003F007039B000F2202FA03F3DB43BA692B
:1019C0001340BB613B681A69FB6903F007039B0086
:1019D00002FA03F3BA691343BB61FB69DA087B6857
:1019E0000832B96943F822107B681B68BB61FB6948
:1019F0005B00032202FA03F3DB43BA691340BB61C5
:101A00003B685B6803F00302FB695B0002FA03F3C7
:101A1000BA691343BB617B68BA691A603B685B684B
:101A200003F44033002B00F0B4800023FB60604BD4
:101A30005B6C5F4A43F4804353645D4B5B6C03F41F
:101A40008043FB60FB685B4AFB699B08023352F8EA
:101A50002330BB61FB6903F003039B000F2202FAF2
:101A600003F3DB43BA691340BB617B68524A93427C
:101A70002BD07B68514A934225D07B68504A9342D1
:101A80001FD07B684F4A934219D07B684E4A9342DD
:101A900013D07B684D4A93420DD07B684C4A9342E9
:101AA00007D07B684B4A934201D107230EE00823FD
:101AB0000CE006230AE0052308E0042306E00323E4
:101AC00004E0022302E0012300E00023FA6902F0AF
:101AD000030292009340BA691343BB613549FB6925
:101AE0009B080233BA6941F823203B4B9B68BB61DA
:101AF0003B69DB43BA691340BB613B685B6803F435
:101B00008013002B03D0BA693B691343BB61324A8F
:101B1000BB699360304BDB68BB613B69DB43BA69EF
:101B20001340BB613B685B6803F40013002B03D0D8
:101B3000BA693B691343BB61274ABB69D360264B33
:101B40005B68BB613B69DB43BA691340BB613B68BF
:101B50005B6803F40033002B03D0BA693B6913437D
:101B6000BB611D4ABB6953601B4B1B68BB613B6972
:101B7000DB43BA691340BB613B685B6803F48033A5
:101B8000002B03D0BA693B691343BB61124ABB699E
:101B90001360FB690133FB61FB690F2B7FF690AE8D
:101BA00000BF00BF2437BD465DF8047B704700BF0F
:101BB00000380240003801400000024000040240AA
:101BC00000080240000C02400010024000140240D5
:101BD00000180240001C0240003C014080B483B069
:101BE00000AF78600B467B8013467B707B78002BC0
:101BF00003D07A887B689A6103E07B881A047B684B
:101C00009A6100BF0C37BD465DF8047B704780B514
:101C100082B000AF78607B68002B01D1012341E0E6
:101C20007B6893F83D30DBB2002B06D17B68002245
:101C300083F83C20786802F0F1F87B68022283F890
:101C40003D207B681A687B6804331946104600F013
:101C50008FFB7B68012283F846207B68012283F892
:101C60003E207B68012283F83F207B68012283F8B5
:101C700040207B68012283F841207B68012283F8A1
:101C800042207B68012283F843207B68012283F88D
:101C900044207B68012283F845207B68012283F879
:101CA0003D20002318460837BD4680BD80B485B06E
:101CB00000AF78607B6893F83D30DBB2012B01D038
:101CC00001234EE07B68022283F83D207B681B687D
:101CD000DA687B681B6842F00102DA607B681B6887
:101CE000234A934222D07B681B68B3F1804F1DD0FA
:101CF0007B681B681F4A934218D07B681B681E4A8A
:101D0000934213D07B681B681C4A93420ED07B68B9
:101D10001B681B4A934209D07B681B68194A93428F
:101D200004D07B681B68184A934211D17B681B68FA
:101D30009B6803F00703FB60FB68062B10D07B68F1
:101D40001B681A687B681B6842F001021A6007E092
:101D50007B681B681A687B681B6842F001021A6086
:101D6000002318461437BD465DF8047B704700BF5A
:101D7000000001400004004000080040000C00404A
:101D800000040140004001400018004080B582B0CE
:101D900000AF78607B68002B01D1012341E07B68B4
:101DA00093F83D30DBB2002B06D17B68002283F82C
:101DB0003C20786801F0ECFF7B68022283F83D202C
:101DC0007B681A687B6804331946104600F0D0FA25
:101DD0007B68012283F846207B68012283F83E203D
:101DE0007B68012283F83F207B68012283F8402032
:101DF0007B68012283F841207B68012283F842201E
:101E00007B68012283F843207B68012283F8442009
:101E10007B68012283F845207B68012283F83D20FE
:101E2000002318460837BD4680BD000080B584B049
:101E300000AF786039603B68002B09D17B6893F86C
:101E40003E30DBB2012B14BF01230023DBB222E0C2
:101E50003B68042B09D17B6893F83F30DBB2012B40
:101E600014BF01230023DBB215E03B68082B09D126
:101E70007B6893F84030DBB2012B14BF01230023B1
:101E8000DBB208E07B6893F84130DBB2012B14BF72
:101E900001230023DBB2002B01D001237CE03B684F
:101EA000002B04D17B68022283F83E2013E03B68BC
:101EB000042B04D17B68022283F83F200BE03B68AF
:101EC000082B04D17B68022283F8402003E07B6862
:101ED000022283F841207B681B680122396818467A
:101EE00000F09CFC7B681B682D4A934204D07B6801
:101EF0001B682C4A934201D1012300E00023002BF0
:101F000007D07B681B685A6C7B681B6842F40042F0
:101F10005A647B681B68224A934222D07B681B6804
:101F2000B3F1804F1DD07B681B681F4A934218D0C5
:101F30007B681B681D4A934213D07B681B681C4A50
:101F400093420ED07B681B68164A934209D07B6887
:101F50001B68184A934204D07B681B68164A934258
:101F600011D17B681B689B6803F00703FB60FB686B
:101F7000062B10D07B681B681A687B681B6842F0D0
:101F800001021A6007E07B681B681A687B681B689F
:101F900042F001021A60002318461037BD4680BD8A
:101FA000000001400004014000040040000800401F
:101FB000000C0040004001400018004080B584B093
:101FC00000AF78607B681B68DB68FB607B681B6820
:101FD0001B69BB60BB6803F00203002B20D0FB68C9
:101FE00003F00203002B1BD07B681B686FF002021A
:101FF0001A617B6801221A777B681B689B6903F072
:102000000303002B03D0786800F094F905E07868AA
:1020100000F086F9786800F097F97B6800221A775B
:10202000BB6803F00403002B20D0FB6803F004031B
:10203000002B1BD07B681B686FF004021A617B6861
:1020400002221A777B681B689B6903F44073002B9C
:1020500003D0786800F06EF905E0786800F060F968
:10206000786800F071F97B6800221A77BB6803F08A
:102070000803002B20D0FB6803F00803002B1BD0C3
:102080007B681B686FF008021A617B6804221A776C
:102090007B681B68DB6903F00303002B03D07868BF
:1020A00000F048F905E0786800F03AF9786800F047
:1020B0004BF97B6800221A77BB6803F01003002BF2
:1020C00020D0FB6803F01003002B1BD07B681B683B
:1020D0006FF010021A617B6808221A777B681B6810
:1020E000DB6903F44073002B03D0786800F022F919
:1020F00005E0786800F014F9786800F025F97B684D
:1021000000221A77BB6803F00103002B0CD0FB6898
:1021100003F00103002B07D07B681B686FF00102FE
:102120001A61786802F0A8F8BB6803F08003002BFE
:102130000CD0FB6803F08003002B07D07B681B6882
:102140006FF080021A61786800F097FBBB6803F0BB
:102150004003002B0CD0FB6803F04003002B07D09A
:102160007B681B686FF040021A61786800F0F6F82F
:10217000BB6803F02003002B0CD0FB6803F02003A6
:10218000002B07D07B681B686FF020021A6178680B
:1021900000F069FB00BF1037BD4680BD80B586B03A
:1021A00000AFF860B9607A600023FB75FB6893F8B4
:1021B0003C30012B01D10223AEE0FB68012283F801
:1021C0003C207B680C2B00F29F8001A252F823F088
:1021D0000522000809230008092300080923000834
:1021E00045220008092300080923000809230008E4
:1021F0008722000809230008092300080923000892
:10220000C7220008FB681B68B968184600F056F939
:10221000FB681B689A69FB681B6842F008029A61B8
:10222000FB681B689A69FB681B6822F004029A61CC
:10223000FB681B689969BB681A69FB681B680A43DD
:102240009A6164E0FB681B68B968184600F0A6F95B
:10225000FB681B689A69FB681B6842F400629A611C
:10226000FB681B689A69FB681B6822F480629A61AC
:10227000FB681B689969BB681B691A02FB681B68CD
:102280000A439A6143E0FB681B68B968184600F08E
:10229000FBF9FB681B68DA69FB681B6842F00802FF
:1022A000DA61FB681B68DA69FB681B6822F00402CC
:1022B000DA61FB681B68D969BB681A69FB681B682F
:1022C0000A43DA6123E0FB681B68B968184600F02E
:1022D0004FFAFB681B68DA69FB681B6842F400620E
:1022E000DA61FB681B68DA69FB681B6822F48062AC
:1022F000DA61FB681B68D969BB681B691A02FB6855
:102300001B680A43DA6102E00123FB7500BFFB682A
:10231000002283F83C20FB7D18461837BD4680BD5F
:1023200080B483B000AF786000BF0C37BD465DF865
:10233000047B704780B483B000AF786000BF0C3777
:10234000BD465DF8047B704780B483B000AF786011
:1023500000BF0C37BD465DF8047B704780B483B086
:1023600000AF786000BF0C37BD465DF8047B704756
:1023700080B485B000AF786039607B681B68FB6013
:102380007B68434A934213D07B68B3F1804F0FD0F0
:102390007B68404A93420BD07B683F4A934207D008
:1023A0007B683E4A934203D07B683D4A934208D102
:1023B000FB6823F07003FB603B685B68FA681343BB
:1023C000FB607B68324A93422BD07B68B3F1804F2D
:1023D00027D07B682F4A934223D07B682E4A9342B2
:1023E0001FD07B682D4A93421BD07B682C4A9342B6
:1023F00017D07B682B4A934213D07B682A4A9342BA
:102400000FD07B68294A93420BD07B68284A9342BD
:1024100007D07B68274A934203D07B68264A9342C1
:1024200008D1FB6823F44073FB603B68DB68FA6803
:102430001343FB60FB6823F080023B685B69134336
:10244000FB603B689A687B68DA623B681A687B6865
:102450009A627B680E4A934203D07B68104A93428B
:1024600003D13B681A697B681A637B681B6843F079
:1024700004027B681A607B6801225A617B68FA68F3
:102480001A6000BF1437BD465DF8047B704700BF7B
:10249000000001400004004000080040000C004023
:1024A0000004014000400140004401400048014058
:1024B00000180040001C00400020004080B487B09D
:1024C00000AF786039607B681B6A7B617B681B6A40
:1024D00023F001027B681A627B685B683B617B6862
:1024E0009B69FB60FB6823F07003FB60FB6823F0D3
:1024F0000303FB603B681B68FA681343FB607B695E
:1025000023F002037B613B689B687A6913437B611C
:102510007B68204A934203D07B681F4A93420CD1C8
:102520007B6923F008037B613B68DB687A691343AE
:102530007B617B6923F004037B617B68154A9342CE
:1025400003D07B68144A934211D13B6923F4807312
:102550003B613B6923F400733B613B685B693A690B
:1025600013433B613B689B693A6913433B617B685A
:102570003A695A607B68FA689A613B685A687B6876
:102580005A637B687A691A6200BF1C37BD465DF8E2
:10259000047B7047000001400004014080B487B014
:1025A00000AF786039607B681B6A7B617B681B6A5F
:1025B00023F010027B681A627B685B683B617B6872
:1025C0009B69FB60FB6823F4E043FB60FB6823F43A
:1025D0004073FB603B681B681B02FA681343FB6097
:1025E0007B6923F020037B613B689B681B017A6950
:1025F00013437B617B68224A934203D07B68214A64
:1026000093420DD17B6923F080037B613B68DB68DB
:102610001B017A6913437B617B6923F040037B6173
:102620007B68174A934203D07B68164A934213D1C2
:102630003B6923F480633B613B6923F400633B61A6
:102640003B685B699B003A6913433B613B689B694C
:102650009B003A6913433B617B683A695A607B6827
:10266000FA689A613B685A687B689A637B687A6902
:102670001A6200BF1C37BD465DF8047B704700BF7F
:10268000000001400004014080B487B000AF7860D2
:1026900039607B681B6A7B617B681B6A23F48072EC
:1026A0007B681A627B685B683B617B68DB69FB6007
:1026B000FB6823F07003FB60FB6823F00303FB60FF
:1026C0003B681B68FA681343FB607B6923F4007363
:1026D0007B613B689B681B027A6913437B617B6863
:1026E000214A934203D07B68204A93420DD17B69F3
:1026F00023F400637B613B68DB681B027A69134348
:102700007B617B6923F480637B617B68164A93421B
:1027100003D07B68154A934213D13B6923F480535D
:102720003B613B6923F400533B613B685B691B01E0
:102730003A6913433B613B689B691B013A69134348
:102740003B617B683A695A607B68FA68DA613B688A
:102750005A687B68DA637B687A691A6200BF1C3743
:10276000BD465DF8047B7047000001400004014055
:1027700080B487B000AF786039607B681B6A3B61CA
:102780007B681B6A23F480527B681A627B685B68F3
:102790007B617B68DB69FB60FB6823F4E043FB60E3
:1027A000FB6823F44073FB603B681B681B02FA68FC
:1027B0001343FB603B6923F400533B613B689B6818
:1027C0001B033A6913433B617B68124A934203D06F
:1027D0007B68114A934209D17B6923F480437B6172
:1027E0003B685B699B017A6913437B617B687A690B
:1027F0005A607B68FA68DA613B685A687B681A64D9
:102800007B683A691A6200BF1C37BD465DF8047BDD
:10281000704700BF000001400004014080B487B051
:1028200000AFF860B9607A60BB6803F01F03012253
:1028300002FA03F37B61FB681A6A7B69DB431A4087
:10284000FB681A62FB681A6ABB6803F01F037968A9
:1028500001FA03F31A43FB681A6200BF1C37BD4636
:102860005DF8047B704780B483B000AF786000BF30
:102870000C37BD465DF8047B704780B483B000AF71
:10288000786000BF0C37BD465DF8047B704780B5AB
:1028900082B000AF78607B68002B01D1012342E059
:1028A0007B6893F84130DBB2002B06D17B680022B5
:1028B00083F84020786801F0F5FA7B68242283F8D9
:1028C00041207B681B68DA687B681B6822F4005231
:1028D000DA60786800F0C6FC7B681B681A697B6860
:1028E0001B6822F490421A617B681B685A697B68F6
:1028F0001B6822F02A025A617B681B68DA687B68D1
:102900001B6842F40052DA607B6800225A647B68DC
:10291000202283F841207B68202283F842207B68B4
:1029200000225A63002318460837BD4680BD80B494
:1029300085B000AFF860B9601346FB80FB6893F880
:102940004130DBB2202B21D1BB68002B02D0FB88A9
:10295000002B01D101231AE0FB68BA681A62FB68F8
:10296000FA889A84FB68FA88DA84FB6800225A6441
:10297000FB68212283F84120FB681B68DA68FB684A
:102980001B6842F08002DA60002300E00223184650
:102990001437BD465DF8047B7047000080B5BAB0BF
:1029A00000AF78607B681B681B68C7F8E4307B6801
:1029B0001B68DB68C7F8E0307B681B685B69C7F899
:1029C000DC300023C7F8D8300023C7F8D430D7F85C
:1029D000E43003F00F03C7F8D830D7F8D830002B15
:1029E0000FD1D7F8E43003F02003002B09D0D7F83B
:1029F000E03003F02003002B03D0786800F074FB74
:102A000073E2D7F8D830002B00F0DE80D7F8DC3046
:102A100003F00103002B06D1D7F8E03003F49073E4
:102A2000002B00F0D180D7F8E43003F00103002B35
:102A30000BD0D7F8E03003F48073002B05D07B680F
:102A40005B6C43F001027B685A64D7F8E43003F012
:102A50000403002B0BD0D7F8DC3003F00103002B6C
:102A600005D07B685B6C43F002027B685A64D7F840
:102A7000E43003F00203002B0BD0D7F8DC3003F076
:102A80000103002B05D07B685B6C43F004027B687C
:102A90005A64D7F8E43003F00803002B11D0D7F8BC
:102AA000E03003F02003002B05D1D7F8DC3003F031
:102AB0000103002B05D07B685B6C43F008027B6848
:102AC0005A647B685B6C002B00F00A82D7F8E43014
:102AD00003F02003002B08D0D7F8E03003F02003E8
:102AE000002B02D0786800F0FFFA7B681B685B69F6
:102AF00003F04003402B0CBF01230023DBB2C7F8D7
:102B0000D4307B685B6C03F00803002B03D1D7F84B
:102B1000D430002B4FD0786800F00AFA7B681B682D
:102B20005B6903F04003402B41D17B681B68143381
:102B3000C7F89C30D7F89C3053E8003FC7F898306E
:102B4000D7F8983023F04003C7F8D0307B681B6873
:102B50001433D7F8D020C7F8A820C7F8A430D7F886
:102B6000A410D7F8A82041E80023C7F8A030D7F870
:102B7000A030002BD9D17B68DB6B002B13D07B6896
:102B8000DB6B8A4A1A657B68DB6B184600F04EFEE9
:102B90000346002B16D07B68DB6B1B6D7A68D26B0B
:102BA000104698470EE0786800F0ACF90AE07868C3
:102BB00000F0A8F906E0786800F0A4F97B6800222C
:102BC0005A648DE100BF8BE17B681B6B012B40F0E9
:102BD0006781D7F8E43003F01003002B00F0608128
:102BE000D7F8E03003F01003002B00F059810023E8
:102BF000BB607B681B681B68BB607B681B685B688D
:102C0000BB60BB687B681B685B6903F04003402BBB
:102C100040F0CE807B68DB6B1B685B68A7F8BE303A
:102C2000B7F8BE30002B00F0A9807B689B8DB7F809
:102C3000BE209A4280F0A2807B68B7F8BE20DA8579
:102C40007B68DB6BDB69B3F5807F00F088807B6895
:102C50001B680C33C7F88830D7F8883053E8003F3A
:102C6000C7F88430D7F8843023F48073C7F8B830BD
:102C70007B681B680C33D7F8B820C7F89420C7F8D6
:102C80009030D7F89010D7F8942041E80023C7F887
:102C90008C30D7F88C30002BD9D17B681B6814336B
:102CA0007B677B6F53E8003F3B673B6F23F001037B
:102CB000C7F8B4307B681B681433D7F8B420C7F862
:102CC0008020FB67F96FD7F8802041E80023BB67BD
:102CD000BB6F002BE1D17B681B6814333B663B6EF6
:102CE00053E8003FFB65FB6D23F04003C7F8B030AD
:102CF0007B681B681433D7F8B020FA66BB66B96EE0
:102D0000FA6E41E800237B667B6E002BE3D17B6883
:102D1000202283F842207B6800221A637B681B68AC
:102D20000C33FB64FB6C53E8003FBB64BB6C23F0CB
:102D30001003C7F8AC307B681B680C33D7F8AC20A5
:102D4000BA657B65796DBA6D41E800233B653B6DE3
:102D5000002BE3D17B68DB6B184600F0F7FC7B6847
:102D600002225A637B689A8D7B68DB8D9BB2D31AF3
:102D70009BB21946786800F0CFF8B3E07B689B8D72
:102D8000B7F8BE209A4240F0AD807B68DB6BDB6910
:102D9000B3F5807F40F0A6807B6802225A637B688F
:102DA0009B8D1946786800F0B7F89BE0F72F000874
:102DB0007B689A8D7B68DB8D9BB2D31AA7F8CE30E7
:102DC0007B68DB8D9BB2002B00F08E80B7F8CE3095
:102DD000002B00F089807B681B680C33BB63BB6BE6
:102DE00053E8003F7B637B6B23F49073C7F8C830D4
:102DF0007B681B680C33D7F8C8207A643B64396C55
:102E00007A6C41E80023FB63FB6B002BE3D17B680A
:102E10001B6814337B627B6A53E8003F3B623B6A6A
:102E200023F00103C7F8C4307B681B681433D7F85C
:102E3000C4203A63FB62F96A3A6B41E80023BB6243
:102E4000BB6A002BE3D17B68202283F842207B6899
:102E500000221A637B681B680C333B613B6953E8B3
:102E6000003FFB60FB6823F01003C7F8C0307B68AD
:102E70001B680C33D7F8C020FA61BB61B969FA69E5
:102E800041E800237B617B69002BE3D17B68022250
:102E90005A63B7F8CE301946786800F03DF823E061
:102EA000D7F8E43003F08003002B09D0D7F8E030E6
:102EB00003F08003002B03D0786800F0ADF814E035
:102EC000D7F8E43003F04003002B0ED0D7F8E03001
:102ED00003F04003002B08D0786800F0EDF804E020
:102EE00000BF02E000BF00E000BFE837BD4680BD84
:102EF00080B483B000AF786000BF0C37BD465DF88A
:102F0000047B704780B483B000AF786000BF0C379B
:102F1000BD465DF8047B704780B483B000AF786035
:102F20000B467B8000BF0C37BD465DF8047B7047C5
:102F300080B495B000AF78607B681B680C337B630E
:102F40007B6B53E8003F3B633B6B23F49073FB6464
:102F50007B681B680C33FA6C3A64FB63F96B3A6C60
:102F600041E80023BB63BB6B002BE5D17B681B688A
:102F700014333B623B6A53E8003FFB61FB6923F07B
:102F80000103BB647B681B681433BA6CFA62BB62D2
:102F9000B96AFA6A41E800237B627B6A002BE5D1BB
:102FA0007B681B6B012B19D17B681B680C33FB60A2
:102FB000FB6853E8003FBB60BB6823F010037B64F1
:102FC0007B681B680C337A6CBA617B617969BA697A
:102FD00041E800233B613B69002BE5D17B6820225F
:102FE00083F842207B6800221A6300BF5437BD4635
:102FF0005DF8047B704780B584B000AF78607B6873
:103000009B6BFB60FB680022DA85F868FFF77AFFAC
:1030100000BF1037BD4680BD80B485B000AF78607A
:103020007B6893F84130DBB2212B3ED17B689B68F3
:10303000B3F5805F14D17B681B69002B10D17B68CE
:103040001B6AFB60FB681B881A467B681B68C2F31F
:1030500008025A607B681B6A9A1C7B681A6208E047
:103060007B681B6A591C7A6811621A787B681B6836
:103070005A607B68DB8C9BB2013B9BB27A68194635
:10308000D184002B0FD17B681B68DA687B681B68D2
:1030900022F08002DA607B681B68DA687B681B6854
:1030A00042F04002DA60002300E0022318461437A1
:1030B000BD465DF8047B704780B582B000AF786094
:1030C0007B681B68DA687B681B6822F04002DA6064
:1030D0007B68202283F84120786801F01BFD0023E3
:1030E00018460837BD4680BD80B58CB000AF78600B
:1030F0000023FB620023BB627B6893F84230DBB2A3
:10310000222B40F0AA807B689B68B3F5805F15D1C5
:103110007B681B69002B11D17B689B6ABB627B6853
:103120001B685B689BB2C3F308039AB2BB6A1A8040
:103130007B689B6A9A1C7B689A6224E07B689B6A26
:10314000FB627B689B68B3F5805F07D07B689B68F8
:10315000002B0AD17B681B69002B06D17B681B689A
:103160005B68DAB2FB6A1A7008E07B681B685B6810
:10317000DBB203F07F03DAB2FB6A1A707B689B6AEA
:103180005A1C7B689A627B68DB8D9BB2013B9BB2C9
:103190007A681946D185002B5DD17B681B68DA6897
:1031A0007B681B6822F02002DA607B681B68DA68A3
:1031B0007B681B6822F48072DA607B681B685A693E
:1031C0007B681B6822F001025A617B68202283F829
:1031D00042207B6800225A637B681B6B012B35D130
:1031E0007B6800221A637B681B680C337B617B69F8
:1031F00053E8003F3B613B6923F010037B627B682F
:103200001B680C337A6A3A62FB61F9693A6A41E8F1
:103210000023BB61BB69002BE5D17B681B681B6881
:1032200003F01003102B0AD10023FB607B681B689E
:103230001B68FB607B681B685B68FB60FB687B68E6
:103240009B8D19467868FFF767FE02E07868FFF704
:103250004FFE002302E0002300E00223184630372F
:10326000BD4680BD2DE9B04FC0B000AFC7F8F40037
:10327000D7F8F4301B681B6923F44050D7F8F430BA
:10328000D968D7F8F4301A6840EA01031361D7F817
:10329000F4309A68D7F8F4301B691A43D7F8F43041
:1032A0005B691A43D7F8F430DB691343C7F8F83089
:1032B000D7F8F4301B68DB6823F4164121F00C01C9
:1032C000D7F8F4301A68D7F8F8300B43D360D7F842
:1032D000F4301B685B6923F44070D7F8F4309969C7
:1032E000D7F8F4301A6840EA01035361D7F8F43094
:1032F0001A688F4B9A4205D0D7F8F4301A688D4B74
:103300009A4204D1FEF7BAFAC7F8FC0003E0FEF7D0
:10331000A1FAC7F8FC00D7F8F430DB69B3F5004F29
:1033200040F00C81D7F8FC300022C7F8E830C7F82D
:10333000EC20D7E93A4522462B469118B9655B4106
:10334000FB65D7E91623214612EB0108294643EB1A
:1033500001094FF000024FF000034FEAC90343EAAE
:1033600058734FEAC80290469946234618EB030368
:10337000C7F8E0302B4649EB0303C7F8E430D7F831
:10338000F4305B680022C7F8D830C7F8DC20D7E9F2
:1033900036120B46DB183B65134642EB03037B6595
:1033A000D7E91423D7E93801FCF712FF02460B4690
:1033B000614BA3FB02235B091C01D7F8FC30002200
:1033C000C7F8D030C7F8D420D7E9348942464B46F5
:1033D0009118B9645B41FB64D7E91223414612EBB3
:1033E000010A494643EB010B4FF000024FF0000386
:1033F0004FEACB0343EA5A734FEACA0292469B460E
:1034000043461AEB0303C7F8C8304B464BEB0303A4
:10341000C7F8CC30D7F8F4305B680022C7F8C0306A
:10342000C7F8C420D7E930120B46DB183B641346BB
:1034300042EB03037B64D7E91023D7E93201FCF7A1
:10344000C7FE02460B4611463B4BA3FB01235B091B
:10345000642202FB03F3CB1ADB0003F13202364B8A
:10346000A3FB02235B095B0003F4F8731C44D7F849
:10347000FC300022C7F8B830C7F8BC20D7E92E8945
:1034800042464B469118B9635B41FB63D7E90E2373
:1034900041465118396349464B417B634FF0000266
:1034A0004FF00003D7E90CAB5946CB00514643EA35
:1034B00051735146CA0010461946034642469B18AE
:1034C000C7F8B0304B460A4642EB0303C7F8B430A6
:1034D000D7F8F4305B680022C7F8A830C7F8AC20F2
:1034E000D7E92A120B46DB18BB62134642EB0303F3
:1034F000FB62D7E90A23D7E92C01FCF769FE0246F3
:103500000B460D4BA3FB02135B09642101FB03F384
:10351000D31ADB003233084AA2FB03235B0903F012
:103520000702D7F8F4301B6822449A6006E100BF16
:1035300000100140001401401F85EB51D7F8FC300A
:103540000022C7F8A030C7F8A420D7E9288942464E
:103550004B46911839625B417B62D7E908234146AB
:103560005418494643EB01054FF000024FF00003A9
:10357000EB0043EA5473E20014461D464346E31849
:10358000C7F898304B4645EB0303C7F89C30D7F893
:10359000F4305B680022C7F89030C7F894204FF0F1
:1035A00000024FF00003D7E9244529468B0021464D
:1035B00043EA917321468A00D7E92601FCF708FE09
:1035C00002460B46604BA3FB02235B091C01D7F8A4
:1035D000FC300022C7F88830C7F88C20D7E9228950
:1035E00042464B469118B9615B41FB61D7E906231E
:1035F00041465118396149464B417B614FF0000209
:103600004FF00003D7E904AB5946CB00514643EADB
:1036100051735146CA0010461946034642469B184C
:10362000C7F880304B460A4642EB0303C7F88430A4
:10363000D7F8F4305B680022BB67FA674FF00002EE
:103640004FF00003D7E91E8949468B00414643EA03
:10365000917341468A00D7E92001FCF7B9FD024683
:103660000B461146384BA3FB01235B09642202FB86
:1036700003F3CB1A1B013233334AA2FB03235B094A
:1036800003F0F0031C44D7F8FC3000223B677A6754
:10369000D7E91C8942464B469118B9605B41FB60F3
:1036A000D7E9022341465118396049464B417B60B6
:1036B0004FF000024FF00003D7E900AB5946CB00B2
:1036C000514643EA51735146CA0010461946034613
:1036D00042469B18BB664B460A4642EB0303FB6619
:1036E000D7F8F4305B6800223B667A664FF0000240
:1036F0004FF00003D7E9188949468B00414643EA59
:10370000917341468A00D7E91A01FCF761FD024630
:103710000B460D4BA3FB02135B09642101FB03F372
:10372000D31A1B013233084AA2FB03235B0903F0BF
:103730000F02D7F8F4301B6822449A6000BF07F5E7
:103740008077BD46BDE8B08F1F85EB5180B584B052
:1037500000AF78607B689B6DFB6000F001FAB86099
:103760007B6893F83530DBB2022B08D07B6880226F
:103770005A657B68002283F83420012352E07B687D
:103780001B681A687B681B6822F016021A607B6847
:103790001B685A697B681B6822F080025A617B684B
:1037A0001B6C002B03D17B689B6C002B07D07B68C4
:1037B0001B681A687B681B6822F008021A607B6825
:1037C0001B681A687B681B6822F001021A6013E00C
:1037D00000F0C6F90246BB68D31A052B0CD97B68EA
:1037E00020225A657B68032283F835207B680022FB
:1037F00083F83420032315E07B681B681B6803F003
:103800000103002BE4D17B68DB6D3F229A40FB680B
:103810009A607B68012283F835207B68002283F858
:103820003420002318461037BD4680BD80B483B0D5
:1038300000AF78607B6893F83530DBB2022B04D0A0
:103840007B6880225A6501230CE07B68052283F89F
:1038500035207B681B681A687B681B6822F00102B0
:103860001A60002318460C37BD465DF8047B70478C
:1038700080B485B000AF78607B6803F00703FB601D
:103880000C4BDB68BB60BA684FF6FF031340BB60AC
:10389000FB681A02BB68134343F0BF6343F4003371
:1038A000BB60044ABB68D36000BF1437BD465DF8F7
:1038B000047B704700ED00E080B400AF044BDB6890
:1038C0001B0A03F007031846BD465DF8047B7047EA
:1038D00000ED00E080B483B000AF0346FB7197F9C0
:1038E0000730002B0BDBFB7903F01F02074997F928
:1038F00007305B09012000FA02F241F8232000BFE3
:103900000C37BD465DF8047B704700BF00E100E066
:1039100080B483B000AF03463960FB7197F907307C
:10392000002B0ADB3B68DAB20C4997F90730120129
:10393000D2B20B4483F800230AE03B68DAB20849AC
:10394000FB7903F00F03043B1201D2B20B441A7649
:1039500000BF0C37BD465DF8047B704700E100E016
:1039600000ED00E080B489B000AFF860B9607A6023
:10397000FB6803F00703FB61FB69C3F10703042B3A
:1039800028BF0423BB61FB690433062B02D9FB6902
:10399000033B00E000237B614FF0FF32BB6902FA7A
:1039A00003F3DA43BB681A407B699A404FF0FF315A
:1039B0007B6901FA03F3D9437B680B401343184634
:1039C0002437BD465DF8047B7047000080B582B0A7
:1039D00000AF78607B68013BB3F1807F01D30123A6
:1039E0000FE00A4A7B68013B53600F214FF0FF3024
:1039F000FFF78EFF054B00229A60044B07221A60E6
:103A0000002318460837BD4680BD00BF10E000E027
:103A100080B582B000AF78607868FFF729FF00BFFB
:103A20000837BD4680BD80B586B000AF0346B9609B
:103A30007A60FB7300237B61FFF73EFF78617A6851
:103A4000B9687869FFF78EFF024697F90F30114683
:103A50001846FFF75DFF00BF1837BD4680BD80B533
:103A600082B000AF0346FB7197F907301846FFF7A5
:103A700031FF00BF0837BD4680BD80B582B000AFC2
:103A800078607868FFF7A2FF034618460837BD46FE
:103A900080BD000080B500AF0E4B1B680D4A43F49B
:103AA000007313600B4B1B680A4A43F48063136076
:103AB000084B1B68074A43F4807313600320FFF729
:103AC000A7FF0F2000F008F800F03AF9002318468D
:103AD00080BD00BF003C024080B582B000AF78607E
:103AE000124B1A68124B1B7819464FF47A73B3FBCA
:103AF000F1F3B2FBF3F31846FFF7BFFF0346002BC9
:103B000001D001230EE07B680F2B0AD800227968D0
:103B10004FF0FF30FFF787FF064A7B6813600023F2
:103B200000E0012318460837BD4680BD0000002094
:103B3000080000200400002080B400AF064B1B7872
:103B40001A46064B1B681344044A136000BFBD4667
:103B50005DF8047B704700BF08000020F0010020E2
:103B600080B400AF034B1B681846BD465DF8047B6C
:103B7000704700BFF001002080B500AFFFF78AFF5B
:103B800000F01EF800F0A8FA00F06EFB00F08EFBCB
:103B900000F0EEFC00F016FF01F022F802F040FD0C
:103BA00002F0DEF80548FEF781F801F0EDFD02F0C5
:103BB000C1FC02F0B3FD00BFF9E700BF40020020E6
:103BC00080B594B000AF07F12003302200211846E1
:103BD00003F026FE07F10C0300221A605A609A6077
:103BE000DA601A610023BB60284B1B6C274A43F044
:103BF00080531364254B1B6C03F08053BB60BB6880
:103C000000237B60224B1B68214A43F480431360EE
:103C10001F4B1B6803F480437B607B6801233B627E
:103C20004FF480337B620223BB634FF48003FB635A
:103C300019233B644FF4A8737B640223BB640723FE
:103C4000FB6407F120031846FDF7D6F90346002B65
:103C500001D000F01FF80F23FB6002233B6100231B
:103C60007B614FF4A053BB614FF48053FB6107F1BC
:103C70000C0305211846FDF737FC0346002B01D045
:103C800000F008F800BF5037BD4680BD0038024044
:103C90000070004080B400AF72B600BF00BFFDE707
:103CA00080B400AF00BFFDE780B400AF00BFFDE708
:103CB00080B400AF00BFFDE780B400AF00BFFDE7F8
:103CC00080B400AF00BFFDE780B400AF00BFBD46C9
:103CD0005DF8047B704780B400AF00BFBD465DF85F
:103CE000047B704780B400AF00BFBD465DF8047B25
:103CF000704780B500AFFFF71FFF00BF80BD000019
:103D000080B500AF0248FEF759F900BF80BD00BF83
:103D1000F801002080B500AF0248FEF74FF900BF60
:103D200080BD00BF4002002080B500AF0348FEF711
:103D300035FE00F091FE00BF80BD00BFE80200200C
:103D400080B483B000AF00237B60104B5B6C0F4AE4
:103D500043F4804353640D4B5B6C03F480437B60FE
:103D60007B6800233B60094B1B6C084A43F080537F
:103D70001364064B1B6C03F080533B603B6800BF31
:103D80000C37BD465DF8047B704700BF0038024029
:103D900080B58AB000AF786007F1140300221A6082
:103DA0005A609A60DA601A617B681B68184A93420D
:103DB0002AD100233B61174B1B6C164A43F00403C6
:103DC0001364144B1B6C03F004033B613B69002339
:103DD000FB60104B1B6B0F4A43F0020313630D4B48
:103DE0001B6B03F00203FB60FB684FF470737B6195
:103DF0000223BB6100233B6202237B6207F11403B1
:103E000019460548FDF74EFD00BF2837BD4680BD69
:103E100000080040003802400004024080B584B031
:103E200000AF78607B681B68B3F1804F16D1002328
:103E3000FB601A4B1B6C194A43F001031364174BC8
:103E40001B6C03F00103FB60FB68002202211C20B5
:103E5000FFF7E9FD1C20FFF702FE1AE07B681B68F4
:103E60000F4A934215D10023BB600C4B1B6C0B4ACD
:103E700043F002031364094B1B6C03F00203BB60A5
:103E8000BB68002203211D20FFF7CDFD1D20FFF799
:103E9000E6FD00BF1037BD4680BD00BF00380240C0
:103EA0000004004080B58AB000AF786007F11403C9
:103EB00000221A605A609A60DA601A617B681B6897
:103EC0001F4A934238D100233B611E4B5B6C1D4A55
:103ED00043F0100353641B4B5B6C03F010033B6116
:103EE0003B690023FB60174B1B6B164A43F0010331
:103EF0001363144B1B6B03F00103FB60FB684FF46F
:103F0000C0637B610223BB6103233B6207F114039F
:103F100019460D48FDF7C6FC07237B6207F1140321
:103F200019460948FDF7BEFC002204212520FFF7B1
:103F30007AFD2520FFF793FD00BF2837BD4680BDE1
:103F400000100140003802400000024080B586B0F9
:103F500000AF7860144A154BD31A7B617B693B61D3
:103F6000134B1B68002B02D1114B124A1A60104BE5
:103F70001A687B6813443A699A4207D203F0B0FC8E
:103F800003460C221A604FF0FF3309E0084B1B6810
:103F9000FB60074B1A687B681344054A1360FB6893
:103FA00018461837BD4680BD0000022000040000FE
:103FB000F4010020D007002080B400AF0123184690
:103FC000BD465DF8047B704780B582B000AF786075
:103FD000396003F085FC034616221A604FF0FF3368
:103FE00018460837BD4680BD80B582B000AF786006
:103FF0004FF0FF317868FFF7E7FF00BFFDE780B5BE
:1040000086B000AFF860B9607A6000237B610AE097
:10401000AFF300800146BB685A1CBA60CAB21A707E
:104020007B6901337B617A697B689A42F0DB7B684C
:1040300018461837BD4680BD80B586B000AFF86021
:10404000B9607A6000237B6109E0BB685A1CBA60E2
:104050001B781846AFF300807B6901337B617A6976
:104060007B689A42F1DB7B6818461837BD4680BDF5
:1040700080B483B000AF78604FF0FF3318460C3740
:10408000BD465DF8047B704780B483B000AF7860B4
:1040900039603B684FF400525A60002318460C37D1
:1040A000BD465DF8047B704780B483B000AF786094
:1040B000012318460C37BD465DF8047B704780B479
:1040C00085B000AFF860B9607A60002318461437F5
:1040D000BD465DF8047B704780B588B000AF07F13E
:1040E0000C0300221A605A609A60DA601A61002399
:1040F000BB60204B1B6B1F4A43F0010313631D4B36
:104100001B6B03F00103BB60BB6800237B60194B92
:104110001B6B184A43F004031363164B1B6B03F02D
:1041200004037B607B684FF48073FB6001233B6179
:1041300000237B610323BB6107F10C0319460E4882
:10414000FDF7B0FB4023FB6001233B6100237B6153
:104150000023BB6107F10C0319460848FDF7A2FBD9
:10416000002000F00DF8012000F022F800BF2037F9
:10417000BD4680BD003802400000024000080240F9
:1041800080B582B000AF0346FB71FB79002B14BFF2
:1041900001230023DBB21A464FF480710348FDF778
:1041A0001DFD00BF0837BD4680BD00BF00000240B6
:1041B00080B582B000AF0346FB71FB79002B14BFC2
:1041C00001230023DBB21A4640210348FDF706FD18
:1041D00000BF0837BD4680BD0008024080B500AF73
:1041E0000E4B4FF080421A600C4B00225A600B4B72
:1041F00000229A60094B4FF0FF32DA60074B002231
:104200001A61064B00229A610448FDF700FD03463F
:10421000002B01D0FFF73EFD00BF80BDF80100205C
:1042200080B500AF0E4B0F4A1A600D4B53225A60F7
:104230000B4B00229A600A4B40F2E732DA60084BDF
:1042400000221A61064B80229A610548FDF7DFFCC7
:104250000346002B01D0FFF71DFD00BF80BD00BF4E
:10426000400200200004004080B500AFFFF7B6FF19
:10427000FFF7D6FF00BF80BD80B582B000AF786089
:104280007B681B68B3F1804F02D100F065FA06E04D
:104290007B681B68044A934201D100F01DFD00BFFA
:1042A0000837BD4680BD00BF0004004080B588B01F
:1042B00000AF3B4600221A605A609A60DA601A61C9
:1042C0005A619A61294B2A4A1A60284B03225A6084
:1042D000264B00229A60254B40F21942DA60234BAC
:1042E00000221A61214B80229A612048FDF74EFD81
:1042F0000346002B01D0FFF7CDFC60233B60002379
:104300007B600023BB6000233B610023FB7718E048
:10431000FB7F184A52F823203B4619461348FDF705
:104320003DFF0346002B01D0FFF7B4FCFB7F114A91
:1043300052F8233019460D48FDF778FDFB7F013315
:10434000FB77FB7F032BE3D90023BB7706E0BB7F22
:10435000094A0021D154BB7F0133BB77BB7F032BBC
:10436000F5D900BF00BF2037BD4680BD88020020C0
:1043700000080040C8960008D002002080B483B036
:1043800000AF03460A46FB711346BB71FB79002B55
:1043900055D0FB79042B52D8BB79642B01D9642307
:1043A000BB71FB79013B2949BA79CA54FB79013BBE
:1043B000274A52F82330002B0CD1BB79254AD2680A
:1043C00003FB02F2234B1B682349A1FB0212520993
:1043D0005A6335E0FB79013B1D4A52F82330042B28
:1043E0000CD1BB791B4AD26802FB03F3194A12684D
:1043F0001949A1FB03135B09936321E0FB79013B9E
:10440000134A52F82330082B0CD1BB79114AD268D9
:1044100002FB03F30F4A12680F49A1FB03135B0968
:10442000D3630DE0BB790B4AD26802FB03F3094A60
:1044300012680949A1FB03135B09136400E000BF84
:104440000C37BD465DF8047B704700BFD0020020EA
:10445000C8960008880200201F85EB5180B483B005
:1044600000AF0346FB71FB79002B02D0FB79042BD4
:1044700001D9002303E0FB79013B044AD35C1846D1
:104480000C37BD465DF8047B704700BFD0020020AA
:1044900080B586B000AF3B1D00221A605A609A605A
:1044A000DA601A6100233B600F4B1B6B0E4A43F02E
:1044B000040313630C4B1B6B03F004033B603B686A
:1044C00007237B600123BB600023FB6000233B616B
:1044D0003B1D19460548FDF7E5F900F009F800BF56
:1044E0001837BD4680BD00BF0038024000080240BA
:1044F00080B500AF002201210748FDF76FFB0022C5
:1045000002210548FDF76AFB002204210248FDF75D
:1045100065FB00BF80BD00BF0008024080B582B0CF
:1045200000AF03460A46FB711346BB71FB79002BB3
:1045300014BF01230023DBB21A4602210B48FDF70A
:104540004DFBBB79002B14BF01230023DBB21A46BD
:1045500004210648FDF742FB012201210348FDF733
:104560003DFB00BF0837BD4680BD00BF00080240CC
:1045700080B400AF0D4B00221A600D4B4FF00002CB
:104580001A600C4B00221A600B4B00221A700B4B66
:1045900000221A700A4B01221A700A4B43F215428C
:1045A0001A6000BFBD465DF8047B7047D40200204E
:1045B000D8020020DC020020E0020020E1020020FE
:1045C000E2020020E402002080B582B000AF034682
:1045D000FB711D4AFB79137097F90730002BCCBF94
:1045E00001230023DBB21846FFF7E2FD174B002240
:1045F0001A700020FFF7C4FD154B1B68154ADA62DC
:10460000134B144ADA60124B1B6800225A62104B9B
:104610001B686FF001021A610D4B1B68DA680C4BC6
:104620001B6842F00102DA60094B1B681A68084BEC
:104630001B6842F001021A60074B01221A7000BF8A
:104640000837BD4680BD00BFE2020020E002002026
:10465000F80100209F680600E102002080B500AF4D
:10466000154B00221A700020FFF78AFD134B002221
:104670001A70134B1B68DA68114B1B6822F0010299
:10468000DA600F4B1B681A6A41F211131340002BBA
:104690000FD10B4B1B681A6A40F244431340002BA6
:1046A00007D1074B1B681A68054B1B6822F00102F3
:1046B0001A6000BF80BD00BFE0020020E1020020C0
:1046C000F801002080B483B000AF87ED010A044AEE
:1046D0007B68136000BF0C37BD465DF8047B7047F4
:1046E000D802002080B400AF044B1B6807EE903A5C
:1046F000B0EE670ABD465DF8047B7047D802002023
:1047000080B483B000AF7860044A7B68136000BF58
:104710000C37BD465DF8047B704700BFDC0200200B
:1047200080B483B000AF7860044A7B68136000BF38
:104730000C37BD465DF8047B704700BFE4020020E3
:1047400080B400AF034B1B681846BD465DF8047B80
:10475000704700BFD402002080B584B000AF444B46
:10476000D3ED007AFDEEE77A17EE903A7B607B6836
:10477000002B19D13F4B00221A700020FFF700FDDB
:104780003D4B1B78DBB2002B0BD03C4B1B683C4AEB
:10479000DA623A4B3A4ADA60384B1B6800225A62B6
:1047A00063E0FFF75BFF60E0324B1B78DBB2002B6E
:1047B00027D0304B00221A700020FFF7E1FC2E4B6F
:1047C0001B78DBB2002B2BD02E4B93F90030002B43
:1047D00005DD2D4B1A682D4B1B689A420ADA294BCE
:1047E00093F90030002B1BDA274B1A68274B1B6804
:1047F0009A4215DC9FED260AFFF764FFFFF72EFFB4
:1048000033E01C4B01221A700120FFF7B9FC1D4B4D
:1048100093F900301A461C4B1B6813441A4A136064
:104820007B68002BB8BF5B42FB601A4B1B68FA68C1
:104830009A4202D9174B1B68FB60FB685B00164A63
:10484000B2FBF3F3BB60BB68012B01D80223BB6052
:104850000A4B1B68BA68013ADA62BB68013B074A37
:10486000D360064B1B6800225A621037BD4680BDDC
:10487000D8020020E0020020E1020020F801002020
:104880009F680600E2020020D4020020DC02002023
:1048900000000000E402002000BD010580B400AF6C
:1048A000064B1B889AB2064B1B889BB2D31A9BB24D
:1048B0001846BD465DF8047B704700BF30040020F9
:1048C0003204002080B582B000AFFFF7E7FF034657
:1048D000BB801D4B1B78DBB2002B30D1BB88002B7B
:1048E0002DD0BB88402B28BF40237B800023FB803A
:1048F0000FE0164B1B889BB21A46FB881344DAB2B2
:10490000FB8813498A5CD1B2124AD154FB88013327
:10491000FB80FA887B889A42EBD30C4B1B889AB2B7
:104920007B8813449AB2094B1A80074B01221A70F4
:104930007B881A4607490848FDF7F9FF00E000BFE9
:104940000837BD4680BD00BF34040020320400207B
:104950003003002038040020E802002080B584B035
:1049600000AF78600B467B8072B600BFFFF796FF02
:1049700003461A467B881344FF2B19D80023FB817A
:1049800010E0FB897A681A440C4B1B889BB2591CB7
:1049900088B20A490880DBB21178094AD154FB89F0
:1049A0000133FB81FA897B889A42EAD3FFF78AFFB9
:1049B00062B600BF00BF1037BD4680BD3004002086
:1049C0003003002080B500AF1C4B1D4A1A601B4B02
:1049D0004FF4E1325A60194B00229A60174B0022C3
:1049E000DA60164B00221A61144B0C225A61134BE9
:1049F00000229A61114B0022DA611048FDF747FF4F
:104A00000346002B01D0FFF745F90C4B1B68DA6811
:104A10000A4B1B6842F02002DA600A4B00221A801F
:104A2000094B00221A80094B00221A70084B002201
:104A30001A80084B00221A8000BF80BDE8020020C7
:104A40000010014030040020320400203404002013
:104A5000780500207A05002080B400AF154B1B6854
:104A60001B6803F02003002B14D0124B1B685968FD
:104A7000114B1B889BB25A1C90B20F4A1080DBB2BC
:104A8000C9B20E4AD1540B4B1B681B6803F02003BC
:104A9000002BEAD1074B1B681B6803F00E03002BA9
:104AA00002D0044B1B685B6800BFBD465DF8047B09
:104AB000704700BFE802002078050020780400203D
:104AC00080B483B000AF104B1B889AB20F4B1B8889
:104AD0009BB29A4202D14FF0FF330EE00A4B1B8883
:104AE0009BB2DBB20A4AD35CFB71074B1B889BB2BB
:104AF00001339AB2044B1A80FB7918460C37BD4635
:104B00005DF8047B704700BF7A050020780500201F
:104B10007804002080B582B000AF78607B681B68A5
:104B2000074A934208D172B600BF064B00221A70A2
:104B3000FFF7C8FE62B600BF00BF0837BD4680BDA4
:104B4000001001403404002080B500AF1E4BD3EDAF
:104B5000007A9FED1E7A67EE877AFCEEE77A17EE11
:104B6000900AFFF7DDFD184BD3ED047A164B93ED59
:104B7000057A154BD3ED066A134B93ED096AB0EE37
:104B8000462ADFED131AB0EE661AF0EE470AB0EED1
:104B9000670A104800F0ECFB0B4BD3ED077A0A4B89
:104BA00093ED087A084BD3ED0A6AB0EE662ADFED82
:104BB000081A9FED091AF0EE470AB0EE670A074897
:104BC00000F0D6FB00BF80BD7C0500205555054197
:104BD0006F12833AC405002000000000E0050020A9
:104BE00080B500AF1D4B1E4A1A601C4B1D4A5A600F
:104BF0001A4B1D4A9A60194B1C4ADA60174B4FF04A
:104C000082421A61154B1A4A5A61144B4FF0000246
:104C10009A61124B174ADA61104B4FF082421A62C6
:104C20000E4B154A5A620D4B144A9A62FFF78CFFDD
:104C3000134B00221A70134B00221A60124B4FF0D4
:104C400000021A60114B4FF000021A60104B054A27
:104C50001A60104B00221A7000BF80BD7C05002036
:104C60000000C8440000FA4300401C4700606A4747
:104C7000CDCC4C3ECDCC4C3F000096430000C84309
:104C8000A8050020AC050020B4050020B8050020D0
:104C9000BC050020C005002080B400AF01231846E9
:104CA000BD465DF8047B704780B400AF034B012222
:104CB0001A7000BFBD465DF8047B7047C005002038
:104CC00080B400AF034B1B781846BD465DF8047BEB
:104CD000704700BFC005002080B58EB000AF794B93
:104CE0001B78022B52D1FFF7FDFC87ED0D0AD7EDA3
:104CF0000D7AF5EEC07AF1EE10FA17DD724BD3EDB6
:104D0000037A9FED727A67EE877A97ED0D7A77EEE8
:104D1000677AC7ED0D7AD7ED0D7AF5EEC07AF1EE30
:104D200010FA21D54FF000037B631DE0D7ED0D7A1B
:104D3000F5EEC07AF1EE10FA16D5634BD3ED037A97
:104D40009FED627A67EE877A97ED0D7A77EE277A94
:104D5000C7ED0D7AD7ED0D7AF5EEC07AF1EE10FAC7
:104D600002DD4FF000037B6397ED0D0AFFF7AAFC0D
:104D7000D7ED0D7AF5EE407AF1EE10FA40F0818130
:104D8000504B00221A70FFF769FC7AE14D4B1B78FB
:104D9000012B40F07881FFF7D3FCB8624C4BD3ED88
:104DA000007ADFED4C6A87EEA67A474BD3ED007AA6
:104DB00067EE277AC7ED097A7B6A3B62464B1B6830
:104DC00007EE903AB8EEE77A444BD3ED007A77EEEF
:104DD000677AC7ED077AD7ED077AF5EEC07AF1EE7C
:104DE00010FA02DBD7ED077A03E0D7ED077AF1EE90
:104DF000677AC7ED067AD7ED077AF5EEC07AF1EE5D
:104E000010FA02DB4FF07E5300E0354B7B61354BEF
:104E1000D3ED007AF5EEC07AF1EE10FA03DB314BF8
:104E2000D3ED007A04E02F4BD3ED007AF1EE677AF0
:104E3000C7ED047AD7ED067AB6EE007AF4EEC77ABB
:104E4000F1EE10FA04D8274B4FF000021A604EE042
:104E5000D7ED047A67EEA76A1B4BD3ED037A37EEE2
:104E6000A77AC6EE877A97ED067AB4EEE77AF1EE86
:104E700010FA0ED8144BD3ED037A9FED147A67EE37
:104E8000877A97ED047A77EE677A164BC3ED007A4E
:104E90002DE097ED047AD7ED097AB4EEE77AF1EEDA
:104EA00010FA21D5084BD3ED027A9FED087A27EE50
:104EB000877AD7ED047A77EE277A0A4BC3ED007A2A
:104EC00015E000BFA80500207C0500206F12833A82
:104ED000BC05002000007042AC050020B405002095
:104EE000000080BFB8050020694A7B6A1360684BE8
:104EF000D3ED007AF5EEC07AF1EE10FA03D5644BEB
:104F00004FF000021A60624B93ED007AD7ED057AFC
:104F100067EE277A5E4BC3ED007A5D4BD3ED007AE6
:104F20009FED5C7A27EE877A5B4BD3ED007A77EEC4
:104F3000277A594BC3ED007A574BD3ED007ABB6A01
:104F400007EE103AB8EEC77AF0EE470AB0EE670AFD
:104F5000524800F04AFA87ED030A4D4BD3ED007A30
:104F600097ED037A77EE277AC7ED0C7A97ED0C7AF6
:104F7000D7ED087AB4EEE77AF1EE10FA01DD3B6A7C
:104F80003B63D7ED087AF1EE677A97ED0C7AB4EED1
:104F9000E77AF1EE10FA05D5D7ED087AF1EE677AE7
:104FA000C7ED0C7AFFF79EFB87ED020AD7ED020AE8
:104FB00097ED0C0A3A4800F018FA87ED010A97EDD0
:104FC0000C7AD7ED017A77EE277AC7ED0B7A97ED59
:104FD0000B7AD7ED087AB4EEE77AF1EE10FA01DD3C
:104FE0003B6AFB62D7ED087AF1EE677A97ED0B7AB0
:104FF000B4EEE77AF1EE10FA05D5D7ED087AF1EEC6
:10500000677AC7ED0B7A274B93F90030002B04DD4C
:10501000254B1B68BA6A9A4209DA224B93F9003091
:10502000002B0EDA204B1B68BA6A9A4209DC9FED0E
:105030001F0AFFF747FBFFF711FB1D4B03221A70F6
:1050400022E0194B1B68BA6A9A4215D0D7ED0B7A49
:10505000F0EEE77AB0EE007AF4EEC77AF1EE10FAED
:105060000AD5104B93F9003007EE903AF8EEE77A44
:1050700077EEA77AC7ED0B7A97ED0B0AFFF722FBC5
:1050800002E000BF00E000BF3837BD4680BD00BF72
:10509000B80500206F12833AB4050020C405002033
:1050A000E0050020B0050020AC0500200000000055
:1050B000A805002080B584B000AF87ED010AC7EDD8
:1050C000000A3F4B1B78012B03D03D4B1B78022B72
:1050D00002D14FF0FF336FE0D7ED007A9FED397AC0
:1050E000F4EEC77AF1EE10FA01DD374B3B60374B37
:1050F000D3ED017A97ED007AB4EEE77AF1EE10FA8B
:1051000002DD324B5B683B60D7ED007AB6EE007A89
:10511000F4EEC77AF1EE10FA02D54FF07C533B6003
:10512000FFF70EFBF860D7ED017ADFED296A87EE15
:10513000A67A264BD3ED007A67EE277AB0EE670A9F
:1051400001F05AFBB860BA68FB689A4201D10023AB
:1051500032E0204A3B6813601F4ABB681360BA689C
:10516000FB689A4201DD012201E04FF0FF321B4B48
:105170001A70FB6807EE903AF8EEE77A184BC3ED29
:10518000007A184B4FF000021A60174800F01BF924
:10519000164800F018F90A4B01221A709FED140A04
:1051A000FFF790FAB868FFF7ABFA0C4B93F90030B1
:1051B0001846FFF709FA002318461037BD4680BD90
:1051C000A80500200000FA430000FA437C050020F7
:1051D0000000B443BC050020AC050020B005002051
:1051E000B4050020B8050020C4050020E00500201B
:1051F0000000000080B584B000AF87ED010AC7ED64
:10520000000AFFF79DFA07EE900AB8EEE77AD7EDAD
:10521000017A9FED106AC7EE866A0F4BD3ED007AD4
:1052200066EEA77A77EE276A0B4B93ED007AC6EE0F
:10523000877A9FED087A67EE877AC7ED037AD7ED14
:10524000000A97ED030AFFF735FF034618461037AB
:10525000BD4680BD0000B4437C05002080B400AF93
:10526000054B1B78012B02D1034B02221A7000BFA1
:10527000BD465DF8047B7047A805002080B400AFF0
:10528000074B00221A60074B4FF000021A60064BD2
:105290004FF000021A6000BFBD465DF8047B704706
:1052A000AC050020B4050020B805002080B400AF94
:1052B000034B1B781846BD465DF8047B704700BF62
:1052C000A805002080B500AFFFF73AFA07EE900A74
:1052D000F8EEE76A054B93ED007AC6EE877A9FED0C
:1052E000047A67EE877AB0EE670A80BD7C050020FD
:1052F0000000B44380B500AFFFF7F4F9F0EE406A68
:10530000054B93ED007AC6EE877A9FED047A67EE3F
:10531000877AB0EE670A80BD7C05002000007042ED
:1053200080B400AF0A4B1B6807EE903AF8EEE76ACC
:10533000084B93ED007AC6EE877A9FED077A67EE09
:10534000877AB0EE670ABD465DF8047B704700BF00
:10535000AC0500207C0500200000B44380B400AF01
:10536000024B1846BD465DF8047B70477C05002063
:1053700080B487B000AF786187ED040AC7ED030AF7
:1053800087ED021AC7ED011A87ED002A7B693A6999
:105390001A607B69FA685A607B69BA689A607B69AF
:1053A0007A68DA607B693A681A617B694FF00002BB
:1053B0005A617B694FF000029A6100BF1C37BD46FD
:1053C0005DF8047B704780B483B000AF78607B6881
:1053D0004FF000025A617B684FF000029A6100BFF3
:1053E0000C37BD465DF8047B704780B489B000AFD0
:1053F000F86087ED020AC7ED010A97ED027AD7ED52
:10540000017A77EE677AC7ED067AFB6893ED057A45
:10541000FB68D3ED016AD7ED067A66EEA76AFB68F2
:10542000D3ED037A66EEA77A77EE277AFB68C3EDB1
:10543000057AFB6893ED057AFB68D3ED047AB4EE48
:10544000E77AF1EE10FA03DDFB681A69FB685A612E
:10545000FB6893ED057AFB68D3ED047AF1EE677A89
:10546000B4EEE77AF1EE10FA07D5FB68D3ED047AD3
:10547000F1EE677AFB68C3ED057AFB6893ED027A7B
:10548000FB68D3ED067AD7ED066A76EEE77A67EE2B
:10549000276AFB6893ED037AC6EE877AC7ED057A33
:1054A000FB68BA699A61FB6893ED007AD7ED067ADA
:1054B00027EE277AFB68D3ED057A77EE277A97ED0A
:1054C000057A77EE277AC7ED077AFB68D3ED047A81
:1054D00097ED077AB4EEE77AF1EE10FA02DDFB6899
:1054E0001B69FB61FB68D3ED047AF1EE677A97EDF7
:1054F000077AB4EEE77AF1EE10FA06D5FB68D3ED41
:10550000047AF1EE677AC7ED077AFB6907EE903A05
:10551000B0EE670A2437BD465DF8047B7047000093
:1055200080B400AFBFF34F8F00BF064BDB6803F4BE
:10553000E0620449044B1343CB60BFF34F8F00BFBD
:1055400000BFFDE700ED00E00400FA0580B485B07F
:1055500000AF03460A46FB8013467B717B791BB282
:105560001B021AB2B7F9063053401BB2FB8000236E
:10557000FB7313E0B7F90630002B08DAFB885B00F9
:105580009BB283F4815383F001039BB202E0FB885A
:105590005B009BB2FB80FB7B0133FB73FB7B072B28
:1055A000E8D9FB8818461437BD465DF8047B704780
:1055B00080B58EB000AF03463A60FB710B46BB71FD
:1055C0004FF6FF73FB86002387F8353097F83530A8
:1055D0005A1C87F8352038333B44AA2203F82C2C78
:1055E00097F835305A1C87F8352038333B4455221C
:1055F00003F82C2C97F835305A1C87F835203833AF
:105600003B44FA7903F82C2CFA79FB8E11461846A4
:10561000FFF79CFF0346FB8697F835305A1C87F846
:10562000352038333B44BA7903F82C2CBA79FB8EF9
:1056300011461846FFF78AFF0346FB86002387F8CA
:1056400034301EE097F834303A681A4497F8353011
:10565000591C87F83510127838333B4403F82C2C4A
:1056600097F834303A6813441A78FB8E114618467E
:10567000FFF76CFF0346FB8697F83430013387F859
:10568000343097F83420BB799A42DBD3FB8E1B0A67
:105690009AB297F83530591C87F83510D2B23833A2
:1056A0003B4403F82C2C97F835305A1C87F83520EA
:1056B000FA8ED2B238333B4403F82C2C97F83530AD
:1056C0009AB207F10C0311461846FFF747F900BFDD
:1056D0003837BD4680BD80B584B000AF03460A466A
:1056E000FB711346BB71FB793B73BB797B7307F18D
:1056F0000C031A4602218020FFF75AFF00BF103723
:10570000BD4680BD80B586B000AFFFF7CFFD034634
:105710003B7100237B71FFF7D5FDF0EE407AC7EDBA
:10572000007A3B68C7F80630FFF7E4FDF0EE407AF8
:10573000C7ED007A3B68C7F80A30FFF7F1FDF0EEDD
:10574000407AC7ED007A3B68C7F80E300120FEF7BB
:1057500085FE0346BB740220FEF780FE0346FB7401
:105760000320FEF77BFE03463B750420FEF776FE22
:1057700003467B753B1D1A4612218120FFF718FF57
:1057800000BF1837BD4680BD80B586B000AFFFF7BB
:10579000E5FD786101233B717B691B683B603B68D9
:1057A000C7F805307B695B683B603B68C7F8093028
:1057B0007B699B683B603B68C7F80D303B1D1A4610
:1057C0000D218220FFF7F4FE00BF1837BD4680BDD3
:1057D00080B586B000AF03463A60FB710B46BB71E3
:1057E000FFF7BCFD7861FB79013B112B00F2AF8222
:1057F00001A252F823F000BF41580008DD5800080C
:10580000795900089B590008515A0008D95A0008D4
:10581000B55B0008135C00082B5C00084F5D0008B6
:105820004F5D00084F5D00084F5D00084F5D0008A8
:105830004D5C00086D5C00089F5C0008DB5C0008A4
:10584000BB79082B05D0FB7903211846FFF743FFEE
:1058500083E23B681B683B613B6804331B68FB6069
:10586000D7ED047A9FEDA17AF4EEC77AF1EE10FA43
:1058700018D4D7ED047A9FEDA17AF4EEC77AF1EE51
:1058800010FA0FDCD7ED037AF5EEC07AF1EE10FADC
:1058900008D4D7ED037A9FED967AF4EEC77AF1EE4D
:1058A00010FA05DDFB7903211846FFF714FF54E2D7
:1058B000D7ED047A97ED037AF0EE470AB0EE670A67
:1058C000FFF7F8FB0346002B01D0042200E0002282
:1058D000FB7911461846FFF7FEFE3EE2BB79082B26
:1058E00005D0FB7903211846FFF7F5FE35E23B684A
:1058F0001B683B613B6804331B68FB60D7ED047A8F
:105900009FED7A7AF4EEC77AF1EE10FA18D4D7ED5B
:10591000047A9FED7A7AF4EEC77AF1EE10FA0FDC92
:10592000D7ED037AF5EEC07AF1EE10FA08D4D7ED90
:10593000037A9FED6F7AF4EEC77AF1EE10FA05DD87
:10594000FB7903211846FFF7C6FE06E2D7ED047A7D
:1059500097ED037AF0EE470AB0EE670AFFF74AFCCC
:105960000346002B01D0042200E00022FB791146FF
:105970001846FFF7B0FEF0E1BB79002B05D0FB79AC
:1059800003211846FFF7A7FEE7E1FFF767FCFB7965
:1059900000211846FFF79FFEDFE1BB790C2B05D0F5
:1059A000FB7903211846FFF796FED6E13B681B689A
:1059B0003B613B6804331B68FB603B6808331B6832
:1059C000BB60D7ED047AF5EEC07AF1EE10FA28D478
:1059D000D7ED047A9FED487AF4EEC77AF1EE10FA2B
:1059E0001FDCD7ED037AF5EEC07AF1EE10FA18D489
:1059F000D7ED037AB2EE047AF4EEC77AF1EE10FA3C
:105A00000FDCD7ED027AF5EEC07AF1EE10FA08D489
:105A1000D7ED027AB2EE047AF4EEC77AF1EE10FA1C
:105A200005DDFB7903211846FFF755FE95E13A693C
:105A30007B691A61FA687B695A61BA687B699A6105
:105A4000FFF782F8FB7900211846FFF744FE84E156
:105A5000BB79082B05D0FB7903211846FFF73BFEE5
:105A60007BE13B681B683B613B6804331B68FB6060
:105A7000D7ED047AF5EEC07AF1EE10FA18D4D7ED2E
:105A8000047AB2EE047AF4EEC77AF1EE10FA0FDC83
:105A9000D7ED037AF5EEC07AF1EE10FA08D4D7ED1F
:105AA000037A9FED157AF4EEC77AF1EE10FA05DD70
:105AB000FB7903211846FFF70EFE4EE13A697B6938
:105AC000DA61FA687B691A62FFF73EF8FB79002118
:105AD0001846FFF700FE40E1BB790C2B14D0FB7990
:105AE00003211846FFF7F7FD37E100BF0050C3C799
:105AF0000080FA430000FA430000C8420050C34748
:105B00000000484300606A473B681B683B613B6894
:105B100004331B68FB603B6808331B68BB60D7ED30
:105B2000047AB7EE007AF4EEC77AF1EE10FA2CD4CC
:105B3000D7ED047A1FED117AF4EEC77AF1EE10FA80
:105B400023DCD7ED037A1FED147AF4EEC77AF1EE79
:105B500010FA1AD4D7ED037A1FED187AF4EEC77A4B
:105B6000F1EE10FA11DCD7ED027A1FED1D7AF4EE9A
:105B7000C77AF1EE10FA08D4D7ED027A1FED217A38
:105B8000F4EEC77AF1EE10FA05DDFB790321184631
:105B9000FFF7A1FDE1E03A697B695A60FA687B6929
:105BA0009A60BA687B69DA60FB7900211846FFF7D2
:105BB00092FDD2E0BB79042B05D0FB790321184676
:105BC000FFF789FDC9E03B681B683B61D7ED047AAC
:105BD0001FED357AF4EEC77AF1EE10FA08D4D7ED5E
:105BE000047A1FED387AF4EEC77AF1EE10FA05DD8B
:105BF000FB7903211846FFF76EFDAEE03A697B6939
:105C00001A60FEF7A1FFFB7900211846FFF763FD3C
:105C1000A3E0BB79002B05D0FB7903211846FFF7E1
:105C20005AFD9AE0FFF76EFD97E0BB79002B05D097
:105C3000FB7903211846FFF74EFD8EE0FFF71EFBB0
:105C4000FB7900211846FFF746FD86E0BB79002B63
:105C500005D0FB7903211846FFF73DFD7DE0FB7978
:105C600000211846FFF737FDFFF75AFCBB79012BDF
:105C700003D13B681B78642B05D9FB7903211846B7
:105C8000FFF729FD69E03B681B7819460120FEF704
:105C900075FBFB7900211846FFF71DFD5DE0BB7920
:105CA000012B03D13B681B78022B05D9FB7903211B
:105CB0001846FFF710FD50E03B681B78184600F0CF
:105CC000C9FC0346002B01D0032200E00022FB792F
:105CD00011461846FFF7FFFC3FE0BB79012B03D1CB
:105CE0003B681B78072B05D9FB7903211846FFF782
:105CF000F2FC32E03B681B7803F00103002B01D07B
:105D0000642300E0002319460220FEF737FB3B68BE
:105D10001B7803F00203002B01D0642300E0002372
:105D200019460320FEF72AFB3B681B7803F00403A7
:105D3000002B01D0642300E0002319460420FEF765
:105D40001DFBFB7900211846FFF7C5FC05E0FB7938
:105D500002211846FFF7BFFC00BF1837BD4680BDC3
:105D600080B400AF0B4B00221A700B4B00221A605C
:105D70000A4B00221A700A4B00221A70094B0022AB
:105D80001A60094B00221A7000BFBD465DF8047B03
:105D9000704700BF25060020280600206C06002062
:105DA0006D060020700600207406002080B582B0C9
:105DB00000AF78607868FAF7A1FB03469BB21946FA
:105DC0007868FEF7CBFD00BF0837BD4680BD0000F8
:105DD00080B500AFFEF768FF0248FFF7E7FF00BF9E
:105DE00080BD00BF1096000880B584B000AF786019
:105DF000396004E07B681B685A1C7B681A607B680A
:105E00001B681B78202BF5D07B681B681B78092B3F
:105E1000F0D07B681B6807F10C021146184601F0B0
:105E20001BFBF0EE407A3B68C3ED007A7B681A6892
:105E3000FB689A4202D14FF0FF3303E0FA687B68B7
:105E40001A60002318461037BD4680BD80B584B067
:105E500000AF7860396004E07B681B685A1C7B687F
:105E60001A607B681B681B78202BF5D07B681B6849
:105E70001B78092BF0D07B681B6807F10C010A2204
:105E8000184601F0BBFB02463B681A607B681A6843
:105E9000FB689A4202D14FF0FF3303E0FA687B6857
:105EA0001A60002318461037BD4680BD80B584B007
:105EB00000AF786007F10C023B1D11461846FFF752
:105EC00093FF0346002B2BD107F108023B1D11461F
:105ED0001846FFF789FF0346002B21D1D7ED037A3F
:105EE0009FED217AF4EEC77AF1EE10FA18D4D7EDCF
:105EF000037A9FED1E7AF4EEC77AF1EE10FA0FDC0A
:105F0000D7ED027AF5EEC07AF1EE10FA08D4D7EDAB
:105F1000027A9FED177AF4EEC77AF1EE10FA03DDFC
:105F20001448FFF743FF1CE0FEF7CAFE0346002BB0
:105F300003D11048FFF73AFF13E0D7ED037A97ED4E
:105F4000027AF0EE470AB0EE670AFFF753F903460C
:105F5000002B03D00748FFF729FF02E0064B012280
:105F60001A701037BD4680BD0050C3C70050C347EC
:105F70000080FA43189600087406002080B500AF30
:105F8000FFF76CF90248FFF711FF00BF80BD00BFAB
:105F90002496000880B584B000AF786007F10C0249
:105FA0003B1D11461846FFF751FF0346002B02D157
:105FB000FB68642B03D90848FFF7F8FE08E0FB688C
:105FC000DBB219460120FEF7D9F90448FFF7EEFECF
:105FD0001037BD4680BD00BF309600083C960008D3
:105FE00080B584B000AF786007F10C023B1D11460C
:105FF0001846FFF72BFF0346002B02D1FB68072B47
:1060000003D91748FFF7D2FE26E0FB6803F001032F
:10601000002B01D0642300E0002319460220FEF784
:10602000ADF9FB6803F00203002B01D0642300E00C
:10603000002319460320FEF7A1F9FB6803F00403CF
:10604000002B01D0642300E0002319460420FEF752
:1060500095F90448FFF7AAFE1037BD4680BD00BF82
:10606000489600085496000880B584B000AF786068
:1060700007F10C023B1D11461846FFF7E7FE0346E9
:10608000002B0AD1FB68022B07D8FB68DBB218464D
:1060900000F0E0FA0346002B03D00548FFF786FE28
:1060A00002E00448FFF782FE1037BD4680BD00BF06
:1060B000609600086C96000880B582B000AF374B40
:1060C0007B6002E07B6801337B607B681B78202B60
:1060D000F8D07B681B78092BF4D00222304978680D
:1060E00001F0A6FB0346002B11D17B6802331B781D
:1060F000202B09D07B6802331B78092B04D07B68E6
:1061000002331B78002B02D1FFF762FE41E004222C
:106110002449786801F08CFB0346002B05D17B688D
:1061200004331846FFF7C2FE33E003221E497868A5
:1061300001F07EFB0346002B05D17B680333184634
:10614000FFF728FF25E003221849786801F070FB6B
:106150000346002B05D17B6803331846FFF740FF49
:1061600017E004221249786801F062FB0346002B15
:1061700005D17B6804331846FFF776FF09E0042257
:106180000C49786801F054FB0346002B01D1FFF75E
:10619000F5FE00BF0837BD4680BD00BF2C060020BD
:1061A000789600087C960008849600088896000877
:1061B0008C9600089496000880B586B000AF034620
:1061C000FB71A34B1B78012B0DD8A14B1B78002B27
:1061D00002D1FB79AA2B06D09D4B1B78012B04D151
:1061E000FB79552B01D1012300E00023BB75984BAF
:1061F0001B78062B00F2A38001A252F823F000BF07
:106200001D6200082F6200084B6200086D620008E2
:10621000B7620008F962000807630008FB79AA2B3F
:1062200001D1012200E00022894B1A708CE0FB7939
:10623000552B06D0FB79AA2B01D1012302E00023C4
:1062400000E00223824A13707EE0824AFB791370D9
:10625000FB7919464FF6FF70FFF778F903461A46A7
:106260007D4B1A807A4B03221A706DE0FB79202B4C
:1062700003D9774B00221A7066E0764AFB79537097
:10628000754B1B88FA7911461846FFF75FF90346EC
:106290001A46714B1A80714AFB791370704B0022B9
:1062A0001A706E4B1B78002B01D0042200E00522EF
:1062B000674B1A7048E06A4B1B7802336549FA79DC
:1062C000CA54654B1B88FA7911461846FFF73EF908
:1062D00003461A46604B1A80614B1B780133DAB2D1
:1062E0005F4B1A705E4B1A785C4B1B789A422AD32C
:1062F000574B05221A7026E05A4AFB791370544B0B
:1063000006221A7020E0524B00221A70554B1B785F
:106310001A02FB791343504A1288934208D14D4B1D
:106320001B784E4A1178504A1846FFF751FA0BE095
:10633000484B1B7801211846FFF7CDF904E0444B88
:1063400000221A7000E000BF0023FB75BB7D002B0C
:1063500040F09B80454B1B78002B0FD1FB79102B15
:1063600006D0FB79112B03D0FB79122B40F08D80E6
:106370003E4AFB7913700123FB7586E03B4B1B788B
:10638000102B1FD1394B00221A700123FB75FB79AA
:10639000642B7AD8FB79002B06D0FB79012B01D036
:1063A000FB7902E0642300E0002319460120FDF799
:1063B000E5FF9023BB8207F1140302211846FEF784
:1063C000CDFA62E0294B1B78112B19D1274B002203
:1063D0001A700123FB75FB79022B56D891233B825F
:1063E000FB79184600F036F90346002B01D0022352
:1063F0007B7407F1100302211846FEF7AFFA44E060
:106400001A4B00221A700123FB75FB79072B3CD82D
:10641000FB7903F00103002B01D0642300E000238B
:1064200019460220FDF7AAFFFB7903F00203002BB7
:1064300001D0642300E0002319460320FDF79EFFEE
:10644000FB7903F00403002B12D0642311E000BF9A
:1064500025060020FC050020220600202006002042
:106460002106002024060020FE05002076060020DC
:10647000002319460420FDF781FF9223BB8107F119
:106480000C0302211846FEF769FABB7D002B2ED1C2
:10649000FB7D002B2BD1234B00221A70224B1B7843
:1064A0003E2B20D8FB790D2B02D0FB790A2B0FD184
:1064B0001D4B1B78002B07D01B4B1B781A461B4B20
:1064C00000219954FFF7F8FD174B00221A7025E0C0
:1064D000154B1B785A1CD1B2134A11701946134A36
:1064E000FB7953541AE0104B00221A7016E0BB7D62
:1064F000002B13D00B4B1B780133DAB2094B1A7007
:10650000084B1B78402B09D9094B00221A70064B07
:1065100000221A70034B00221A70FFE700BF1837E1
:10652000BD4680BD750600206C0600202C060020AC
:106530002506002080B582B000AF04E07B68DBB2A6
:106540001846FFF739FEFEF7BBFA78607B68002B30
:10655000F4DA224B1B78002B18D1FDF701FB024621
:106560001F4B1B68D31AB3F5FA7F0FD3FDF7F8FA68
:1065700003461B4A1360FEF78FFB0346002B05D032
:10658000164B01221A701748FFF710FC164B1B78A8
:10659000002B0FD0FEF78AFE0346FB70FB78012B21
:1065A00008D0FB78022B05D00F4B00221A700F4841
:1065B000FFF7FCFBFDF7D4FA02460D4B1B68D31A1C
:1065C000632B06D9FDF7CCFA0346094A1360FFF79F
:1065D00099F800BF0837BD4680BD00BF6D0600209A
:1065E000700600209C96000874060020A4960008FF
:1065F0002806002080B582B000AF0346FB71FB790E
:10660000002B04D000210120FDF788FF03E00121C9
:106610000020FDF783FF00BF0837BD4680BD0000A6
:1066200080B500AFFDF734FF064B00221A70064B11
:1066300000221A70054B00221A60054B00221A60D6
:1066400000BF80BD77060020780600207C06002071
:106650008006002080B584B000AF0346FB71FB7953
:10666000022B06D1FDF744FF284B00221A700023AD
:1066700047E0FB79012B0CBF01230023DBB2FB7346
:10668000FB7B002B01D0012300E00223BB731F4BD7
:106690001B78BA7B9A4201D1002332E01B4B1B7856
:1066A000002B0CD1FB7B1846FFF7A4FF174ABB7BDE
:1066B0001370FDF755FA0346154A136020E0134B9B
:1066C0001B78032B0FD1134B1B78FA7B9A4201D115
:1066D000002316E00F4AFB7B1370FDF741FA0346D7
:1066E0000D4A13600CE0FDF703FF084B03221A70FC
:1066F000084AFB7B1370FDF733FA0346064A136022
:10670000002318461037BD4680BD00BF7706002025
:1067100080060020780600207C06002080B582B02C
:1067200000AFFDF71DFA78601A4B1B78032B17D1C9
:10673000194B1B687A68D31A632B26D9174B1B7821
:106740001846FFF757FF154B1B78002B01D001228D
:1067500000E002220F4B1A70114A7B68136014E0AC
:106760000C4B1B78012B03D00A4B1B78022B0CD14E
:106770000B4B1B687A68D31A46F65F52934204D9D2
:10678000FDF7B6FE034B00221A7000BF0837BD4666
:1067900080BD00BF770600207C0600207806002020
:1067A00080060020DFF834D0FAF714FC0C480D49BD
:1067B0000D4A002302E0D458C4500433C4188C425C
:1067C000F9D30A4A0A4C002301E013600432A242C2
:1067D000FBD301F08BF8FDF7CFF9704700000220E2
:1067E00000000020D4010020A09A0008D40100205D
:1067F000D0070020FEE7000010EE101AC1F3C752C8
:106800000029A2F17F0CACBF01204FF0FF30BCF19A
:106810001E0F0FDCBCF1000F1DDBC1F31603BCF132
:10682000160F43F400030ADD963A03FA02F202FB64
:1068300000F07047FDEEC07A17EE900A70474FF4F3
:10684000800242FA0CF21A44CCF1170C22FA0CF234
:1068500002FB00F07047BCF1FF3F18BF00207047FB
:1068600070B504460D4645EC104B164602F042F852
:1068700051EC100B7EB1C5F30A53C3F16B03002B2F
:1068800009DD1B0503F17F55002405F5401522465F
:106890002B46FAF749F841EC100B70BD00000000E0
:1068A0002DE9F04F9DB00E461592002204901892EB
:1068B0004FF000084FF0000917910A782B2A0D4677
:1068C00001F101011DD00BD80D2A06D8082AF3D8F2
:1068D0007AB100230B939A4683E0202AECD0F8E7A4
:1068E0002D2A10D10122691C17910B926A78002A77
:1068F00037D1159B1796002B40F0958542464B46A5
:106900002AE00022EFE700210B91302A40F09B8023
:106910006A7802F0DF02582A5AD102930B9B019346
:1069200018AB0093814A049819AB17A901F0D4F869
:1069300010F00F06044605D0062E14D101350023B1
:1069400017950B93159B002B40F06F850B9B002B2D
:10695000D4D0424609F1004343EC102B1DB0BDE8F2
:10696000F08F0D46D1E7189A3AB135211AA802F0F6
:10697000BBF81899049801F081FC013E042E06D85A
:10698000DFE806F014031E211400DDE91A89E00592
:1069900048BF49F0004929F000431B0D1B05002B9F
:1069A000D0D100F09DFF22230360CBE7DDE91A83FD
:1069B000199A23F4801302F2334243EA0259E6E7BC
:1069C000DFF87091E3E76FF000494FF0FF38DEE742
:1069D000013517952B78302BFAD0002BB2D04FF021
:1069E000010A00272B460E97BB460A21184613F8CA
:1069F000014BA4F13002092A28D94D49012200F0A7
:106A000017FF002834D00020CDE9060022465C465E
:106A1000652A01D0452A14D124B95AEA00033FF46B
:106A200068AF0024179E731C179372782B2A73D0BB
:106A30002D2A77D04FF0000CA2F13003092B7FD91B
:106A4000179600239EE04FF0000ACAE7BBF1080F3B
:106A5000D8BF0E9A1793DBBF01FB0242303A01FB0D
:106A600007420E92C8BFA2F130070BF1010BBDE740
:106A7000179B5A1C17925A78BBF1000F33D006901F
:106A80005C46A2F13003092B12D901230793BFE71B
:106A9000179B5A1C17925A780130302AF8D0A2F16D
:106AA0003103082B00F2C6840690179D002004468F
:106AB000303A00F1010310D00699194406912044A0
:106AC0000A23A04211D1082800F1010419DC0E9913
:106AD0000A2303FB01230E930023179A511C1791DD
:106AE00052781846CDE75846D7E7082C04F1010440
:106AF00003DC0E9959430E91E3E7102CD8BF5F4396
:106B0000DFE70F28DCBF0A2303FB0727E4E70021A8
:106B10000123CDE9061380E74FF0000CB31C179357
:106B2000B27889E74FF0010CF8E700BF54980008ED
:106B3000D89600080000F07F179B5A1C17925A78CD
:106B4000302AF9D0A2F13103082B3FF67AAF179B18
:106B50000593A2F1300E013317931A78A2F1300198
:106B600009293CD905995B1A082B44F61F633CDCC4
:106B70009E457146A8BF19460591BCF1000F02D091
:106B8000059B5B420593002C50D15AEA00007FF42C
:106B9000D9AE079B002B7FF4ACAE692A29D026DC46
:106BA000492A26D04E2A7FF4A4AEA14917A801F0A5
:106BB000B5F900283FF49DAE179B1B78282B2FD1E9
:106BC0009C491AAA17A801F0BDF9052828D11B9BDA
:106BD000DDF8688043F0FF4949F4E009B2E60A2194
:106BE00001FB0E22A2F1300EB5E70593C5E76E2A30
:106BF000D9E7914917A801F091F900283FF479AE3F
:106C0000179B8E49013B17A8179301F087F910B91C
:106C1000179B01331793DFF834924FF0000891E689
:106C2000874800F099FE59EC108B8BE6DDE90532C0
:106C30000E989B1ABBF1000F08BFA346102C0A93B5
:106C4000A246A8BF4FF0100AF9F7F4FD092C8046C0
:106C5000894613DC0A9B002B3FF474AE0A9B73DD5C
:106C6000162B5ADC774901EBC301D1E900014246FA
:106C70004B46F9F759FE8046894663E6714B03EBB4
:106C8000CA0353E91223F9F74FFE80463846894676
:106C9000F9F7D0FD02460B4640464946F9F78EFC0F
:106CA0000F2C80468946D5DD0A9BA4EB0A0A9A443C
:106CB000BAF1000F40F397802AF00F061AF00F0A7E
:106CC00051D1B6F59A7F5EDC0023DFF87CA1361146
:106CD000404649461F46012E79D10BB18046894670
:106CE0005949A9F1547901EBC70142464B46D1E914
:106CF0000001F9F719FE554B0A460B4054498B42E7
:106D0000804640D8A1F580118B4286BFDFF84491C0
:106D10004FF0FF3802F1547932E00A9AC4F12503AA
:106D20009342C1DB474DC4F10F0405EBC401424659
:106D30004B46D1E90001F9F7F7FD0A9B1C1B05EB57
:106D4000C405D5E9002394E71633ADDBDDE905235F
:106D50009A1A3C4B03EBC203D3E900234046494651
:106D6000F9F70CFF87E7374901EBCA0142464B466A
:106D7000D1E90001F9F7D8FD80468946002EA0D15F
:106D800000230793A0E0002405940E940694049A2F
:106D9000DFF8B890222313604FF000080E9B002B01
:106DA0003FF4D0AD1899049801F068FA0699049858
:106DB00001F064FADDE9040101F060FA0E9904982B
:106DC00001F05CFA0498214601F058FABAE5F2079E
:106DD00004D5DAE90023F9F7A7FD0123013776107E
:106DE0000AF1080A77E7CBD0CAF1000A4FEA2A165F
:106DF0001AF00F0A0DD11F2E2EDD002405940E94DB
:106E00000694049A22234FF000084FF00009136003
:106E1000C4E70C4B03EBCA0340464946D3E90023C1
:106E2000F9F7ACFE80468946002EA9D0E3E700BF03
:106E3000E396000840980008DA960008DD960008FE
:106E40000A980008C8990008A09900080000F07F7F
:106E50000000A07CFFFFEF7F16F0100318BF6A232D
:106E6000764F0793404649460023F20704D5D7E9F9
:106E70000023F9F759FD0123761007F10807F4D133
:106E80000BB180468946079BB3B1C9F30A52C2F1E0
:106E90006B03002B49460FDD1F2B57DD342BDEBF64
:106EA0004FF0FF33C2F14B0293404FF00008CCBFCC
:106EB0004FF05C7903EA010900220023404649466D
:106EC000F9F79AFF002898D10E9B00930498234667
:106ED0005A46294601F03AFA0E9000283FF453AF83
:106EE000DDE905239B1A0A9A002AA8BF0023129302
:106EF000002422EAE273149305940E9B04985968C7
:106F000001F07EF9069000283FF441AF0E9B1A690C
:106F1000023203F10C0192000C3000F00EFD49EC3E
:106F2000108B04981AAA19A9CDE90C8901F052FD19
:106F3000189000283FF42BAF0498012101F09CFA2F
:106F40000590034648B90023059320E74FF0FF3230
:106F500002FA03F303EA0808AEE7199D1A9A002D16
:106F6000ABBF129B149B149E129FACBFEF185E1B0D
:106F7000079BED1A1544324B013D9D42C2F136028A
:106F80004FDA5B1B1F2BA2EB03024FF001013CDC2D
:106F900001FA03FA4FF0000BBD18079BAF421644ED
:106FA0001E443B46A8BF2B46B342A8BF3346002B26
:106FB000C2BFED1AF61AFF1A129B002B16DDDDE98F
:106FC00004011A4601F018FB05900028BBD00146C9
:106FD000189A049801F066FA0F9000283FF4D7AE93
:106FE0001899049801F04AF90F9B1893002D1BDCA7
:106FF0000A9B002B26DD149A0699049801F0FCFAEE
:107000000690F8B900230693C1E6C5F17F4505F562
:107010007F0505F57B45E23501FA05FB4FF0010AD6
:10702000BAE74FF0000BF9E7189904982A4601F0E7
:107030003FFB18900028DBD1A9E600BF6898000844
:1070400002FCFFFF002E07DD06990498324601F08E
:107050002FFB06900028D5D0002F08DDDDE90401C4
:107060003A4601F025FB059000283FF490AE069AC1
:107070001899049801F0A6FB044600283FF487AE57
:10708000C3680F9300230599C36001F07FFB0028BC
:107090003CDA0F9B53EA08035ED1C9F313034D4654
:1070A000002B59D129F000431B0D1B05B3F1D66FFE
:1070B00052D9636913B92369012B4DDD21460122A1
:1070C000049801F0F5FA0599044601F05FFB0028E9
:1070D00042DDAD4B079A2B40002A5FD0B3F1D66F4B
:1070E0005CD8B3F15C7F7FF68CAEA84B4046494636
:1070F0000022F9F719FCA44B0B4080468946002B6F
:107100007FF450AE049A222313604BE64D4662D1C1
:107110000F9AC9F3130342B39D4A934228D1079BA8
:107120004146EBB1984B2B40B3F1D46F4FF0FF3297
:1071300019D81B0DC3F16B0302FA03F3994217D15F
:10714000944B9D4202D101313FF421AE8E4B2B4036
:1071500003F580194FF00008079B002BC5D121E6ED
:107160004FF0FF33EAE71346E8E753EA0803B0D0ED
:10717000BBF1000F1BD01BEA050FEDD00F9B079A48
:1071800040464946B3B1FFF76BFBDDE90C0153EC18
:10719000102BF9F713FA80468946DDE7A3F5801333
:1071A0006FEA13596FEA09594FF0FF38D4E71AEA2A
:1071B000080FE2E7FFF754FBDDE90C0153EC102B5D
:1071C000F9F7FAF90022002380468946F9F714FE00
:1071D0000028C1D015E60599204601F053FC57EC74
:1071E000106B00224FF0804330463946F9F718FE05
:1071F000002870D00F9B002B7BD1B8F1000F56D127
:10720000C9F31303002B58D1634B00223046394693
:10721000F9F7FCFD002859D1604B00223046394671
:10722000F9F782FB82468B460BF10043CDF820A094
:107230000993554B544A2B401393594B2A409A4279
:10724000DDE9086740F0B080A5F1547949EC108B76
:1072500001F050FBDDE9082351EC100BF9F764FB5A
:1072600042464B46F9F7AAF9474D4E4A0D40954222
:10727000804645D90D9A474B9A4203D10C9B013366
:107280003FF485ADDFF80C914FF0FF381899049862
:1072900000F0F4FF0699049800F0F0FFDDE9040126
:1072A00000F0ECFF0498214600F0E8FF25E6B8F175
:1072B000010F02D1002D3FF4A4AD9FED2B7BDFF831
:1072C000D8B08DED087B4FF0000AB2E7DFF8CCB004
:1072D0004FF0000AA8E7314B002230463946F9F753
:1072E00023FB0F9B82468B46002B9DD0CDE908AB3C
:1072F0009FE79FED1F7B8DED087B5BEC17AB98E75D
:1073000001F15479079B002BC0D129F00043139A57
:107310001B0D1B059A42B9D150465946F9F724FE78
:10732000F9F7D4FA02460B4650465946F9F744F9A4
:107330000F9AC9F3130343EA0803134306460F46A3
:107340006BD00DA3D3E90023F9F760FD00287FF48B
:1073500029AD0BA3D3E9002330463946F9F774FD74
:10736000002893D01EE500BF000000000000F0BF21
:10737000000000000000F03F9535A094FFFFDF3FC4
:1073800035E5AF350000E03F0000F07F00005039E8
:10739000FFFF0F00FFFFEF7F0000F03F0000E03F26
:1073A0000000E07FFFFF9F7C079B13B3139BB3F1AB
:1073B000D46F1ED824A3D3E9002350465946F9F7C9
:1073C0002FFD90B159465046F9F75EFD012838BFB0
:1073D0000120F9F72FFA0F9B82468B46D3B901F1B2
:1073E000004310901193DDE91067139A07F1D663FB
:1073F0009F1A9DED0C0B01F07DFA304653EC102BDB
:107400003946F9F791FADDE90C23F9F7D7F8804608
:10741000894677E7CDE910ABE5E70DA3D3E9002373
:10742000F9F7F4FC9CE700230B93159A179B136064
:10743000FFF78CBA652A3FF46AAB452A3FF467AB85
:1074400001230793FFF7A1BB0000C0FFFFFFDF414F
:107450009535A094FFFFCF3F2DE9F041DFF8BC80C8
:10746000294B0A462DED028B0146D8F80000FFF7A4
:1074700017FA55EC104B22462B4620462946F9F7C1
:10748000EDFC90B1002D214809DA00F06DFAB1EE63
:10749000408AB0EE480ABDEC028BBDE8F081BDEC3D
:1074A000028BBDE8F04100F05FBA20462946F9F7AB
:1074B0000BFD08EE100ADFED167AB0EEC87AB4EED6
:1074C000677AF1EE10FA11DD25F00047114B4FF00D
:1074D000FF3220463946F9F7C1FC80B90D4B4FF019
:1074E000FF3220463946F9F79BFC40B918EE103AB6
:1074F00013F0FF4FCDD1084B2B40002BC9D0D8F84B
:10750000003022221A60C4E7180000200A98000800
:10751000FFFF7F7FFFFFEF7F0000F07F84010020EF
:107520002DE9F043344E86460D46284615F8014BAA
:10753000375D17F00807F8D12D2C10D12C780127D2
:10754000851C33F0100015D1302C0DD1287800F0B7
:10755000DF00582808D16C78023510230AE02B2C64
:1075600004BF2C78851CECE7002BF6D1302C14BF1F
:107570000A2308234FF0FF380026B8FBF3F803FB7B
:1075800008F96FEA09093046A4F1300CBCF1090F83
:1075900010D86446A3421EDDB6F1FF3F07D08045F8
:1075A00016D301D1A14513DB00FB0340012615F8DA
:1075B000014BE9E7A4F1410CBCF1190F01D8373CAC
:1075C000E8E7A4F1610CBCF1190F04D8573CE1E7DE
:1075D0004FF0FF36EBE7731C06D12223CEF80030C4
:1075E000304632B9BDE8F08307B14042002AF9D0F5
:1075F00006B1691E1160F5E79198000813460A4626
:10760000014602480068FFF78BBF00BF84010020DD
:10761000002310B50446C0E90033C0E90433836099
:1076200081814366C2818361194608225C3000F083
:10763000F7F80D4B63620D4BA3620D4BE3620D4BEC
:1076400023630D4B24629C4206D003F168029442EE
:1076500002D0D0339C4205D104F15800BDE810405F
:1076600000F068B910BD00BF99770008BB7700082B
:10767000F37700081978000884060020024A0349BD
:10768000034800F06BB800BF0C000020918C00088C
:107690008801002041680C4B994210B5044601D086
:1076A00001F0F6FAA168094B994202D0204601F098
:1076B000EFFAE168064B994204D02046BDE810403D
:1076C00001F0E6BA10BD00BF84060020EC060020E1
:1076D000540700200C4B0D4A0D4810B504211A60C8
:1076E0000022FFF795FF0A4B01221C46092103F1F6
:1076F0006800FFF78DFF04F1D0000222BDE81040C2
:107700001221FFF785BF00BFBC0700207D7600086F
:1077100084060020014800F00EB900BFC507002014
:10772000014800F009B900BFC507002010B50446A4
:10773000FFF7F0FF236A1BB1BDE81040FFF7F0BF71
:10774000044B2362044B1B68002BF5D1FFF7C2FFEB
:10775000F2E700BF95760008BC0700202DE9F8434A
:107760000746884614460026D4E90195B9F1010977
:1077700005D52468002CF7D13046BDE8F883AB89E5
:10778000012B07D9B5F90E30013303D0294638460D
:10779000C04706436835E9E710B50C46B1F90E104D
:1077A00000F07AF80028ABBF636DA3891B1823F49F
:1077B0008053ACBF6365A38110BD2DE9F0411F4626
:1077C0008B89DB0505460C46164605D5B1F90E102A
:1077D0000223002200F04EF8A389B4F90E1023F41E
:1077E0008053A38132463B462846BDE8F04100F075
:1077F00065B810B50C46B1F90E1000F03BF8B4F9BD
:107800000C30421C0BBF23F4805343F48053A381FC
:10781000A38118BF606510BDB1F90E1000F01AB851
:1078200002440346934200D1704703F8011BF9E775
:1078300010B56AB10139841810F8012B11F8013F15
:107840009A4203D1A04201D0002AF5D1D01A10BD2E
:107850001046FCE738B5064D0023044608462B6069
:10786000FCF706FC431C02D12B6803B1236038BD32
:10787000C007002038B5074D0446084611460022CF
:107880002A601A46FCF71BFC431C02D12B6803B18B
:10789000236038BDC007002038B5074D04460846B0
:1078A000114600222A601A46FCF7A9FB431C02D1AC
:1078B0002B6803B1236038BDC007002038B5074DE1
:1078C00004460846114600222A601A46FCF7B4FB1B
:1078D000431C02D12B6803B1236038BDC0070020D0
:1078E000014B1868704700BF8401002070B50D4B34
:1078F0000D4D5B1B9C100026A64209D101F07AFEBB
:107900000A4D0B4B5B1B9C100026A64205D170BD97
:1079100055F8043B98470136EEE755F8043B984785
:107920000136F2E7989A0008989A0008989A000899
:107930009C9A00087047704770470A44914200F1D2
:10794000FF3300D1704710B511F8014B03F8014F18
:107950009142F9D110BD00009FED010B704700BFAF
:10796000000000000000F87F9FED010A704700BF93
:107970000000C07F38B50546002941D051F8043CCD
:107980000C1F002BB8BFE41800F02EFC1D4A136832
:1079900033B9636014602846BDE8384000F02ABC63
:1079A000A34208D9206821188B4201BF19685B687F
:1079B00009182160EDE71A465B680BB1A342FAD9BA
:1079C00011685018A0420BD120680144501883421E
:1079D0001160E0D118685B68536008441060DAE712
:1079E00002D90C232B60D6E7206821188B4204BFF4
:1079F00019685B68636004BF091821605460CAE7B6
:107A000038BD00BFCC0700200369B3EB611F2DE92F
:107A1000F0434FEA611200F1140445DD11F01F013B
:107A200004EB830604EB82050CD100F11007294614
:107A3000B14234D39B1A9B00EA1E964238BF002302
:107A4000234415E054F82270C1F12008CF4005F11D
:107A5000040EA1467645F44615D89A1A9200043AC7
:107A60000135AE4238BF0022A318A75007B1043336
:107A70001A1BA3424FEAA20208BF0023026108BFFB
:107A80004361BDE8F083DCF800C00CFA08FC4CEA66
:107A9000070749F8047B5EF8047BCF40DAE751F82A
:107AA00004CB47F804CFC3E72346E1E7A0F1300356
:107AB000092B02D82038C0B27047A0F16103052B12
:107AC00001D84738F7E7A0F14103052B01D8273843
:107AD000F1E70020704700002DE9F04F85B08A469D
:107AE00002930B68019090469C1CA14614F8010B70
:107AF0003028FAD0A9EB0303A3F1020BFFF7D6FF5E
:107B00000546002868D1A04901224846FFF790FEAB
:107B10000746002867D199F801002646FFF7C6FFFF
:107B2000002862D0234618783028994603F10103D3
:107B3000F9D0FFF7BBFFB0FA80F56D094FF0010BEC
:107B40004A46164601323078FFF7B0FF0028F8D1D8
:107B50008D4901223046FFF76BFE00283FD144B922
:107B6000741C2246164601323078FFF79FFF00282A
:107B7000F8D1A41BA700337803F0DF03502B3ED1CC
:107B800073782B2B33D02D2B34D0711C0024087824
:107B9000FFF78CFF431EDBB2182B30D8A0F1100288
:107BA00011F8010FFFF782FF00F1FF3C5FFA8CFC38
:107BB000BCF1180F4FF00A031ED904B1524217440A
:107BC000CAF80010EDB1BBF1000F0CBF062500256F
:107BD000284605B0BDE8F08F00252C46B0E7002C04
:107BE000C7D12746C7E74E462F460125C3E70024E5
:107BF000B11CCCE70124FBE703FB0200CEE73146D2
:107C0000DEE7A6EB0903013B2946072B0ADC0198B6
:107C100000F0F6FA044640B95C4B0246E4215C48A9
:107C200001F06EF801315B10EFE700F1140A002358
:107C300055469B46B14537D345F804BBA5EB0A052D
:107C4000AD102561584600F0CBFB6D01D8F80060FF
:107C50002D1AB54254DDAD1B2946204600F067FFC2
:107C6000814678B16B1E591103F01F025AF821109A
:107C70004FF0010909FA02F20A4203D04B4536DC03
:107C80004FF0020929462046FFF7BEFE2F44D8F8E0
:107C90000830BB4242DA0198214600F0EFFA0E9A12
:107CA00000231360A32593E716F8012D2E2A12D086
:107CB000202B04D145F804BB4FF0000B5B46307815
:107CC0000393FFF7F3FE039B00F00F0098404BEA8D
:107CD000000B0433AEE7B145EAD82B4903930122E8
:107CE0003046FFF7A5FD039B0028E1D1A2E7A91EBE
:107CF000204600F01CFF0028C2D04FF00309C1E766
:107D000009DA751B214601982A4600F0D1FC7F1B39
:107D1000044600F1140A4FF00009B8E7D8F80450FF
:107D2000BD426FDDED1BAE4234DCD8F80C30022BC7
:107D300022D0032B24D0012B15D1AE4213D1012E1A
:107D40000BD1029AD8F80430136001232361CAF8DA
:107D500000300E9B62251C603AE7711E204600F041
:107D6000E6FE0028EDD10198214600F087FA0E9A30
:107D70000023136050252BE70F9B002BF3D1E0E786
:107D80000F9B002BDDD1EEE7D8960008EE96000899
:107D9000FF9600086F1EB9F1000F30D127B13946A8
:107DA000204600F0C4FE81467A1101235AF82220B1
:107DB00007F01F07BB4013422946204618BF49F071
:107DC0000209FFF721FED8F80470761B0225B9F1ED
:107DD000000F47D0D8F80C30022B15D0032B17D04A
:107DE000012B09D119F0020F06D0DAF8003049EA68
:107DF000030919F0010F0ED145F0100532E04FF0E4
:107E00000109D1E70125E2E70F9BC3F101030F93BD
:107E10000F9B002BF0D0D4F810B004F114034FEAFC
:107E20008B0A03EB8B014FF0000C184653F8042B20
:107E3000B2F1FF3F1BD001320260022D04F11403A6
:107E40003CD1D8F80020013AB24209D17111012287
:107E500053F8213006F01F0602FA06F61E423AD108
:107E600045F020050E9B1C60029B1F60B0E6994206
:107E700043F804CCD9D8A3689B4517DB6168019807
:107E8000013100F0BDF9814618B91A4B0246842130
:107E9000C5E62269023204F10C0192000C30FFF7B2
:107EA0004CFD2146019800F0E9F94C4623695A1C23
:107EB00004EB8303226101225A61BEE722695A451D
:107EC0000BDD01212046FFF79FFDD8F80830013770
:107ED000BB42FFF6E0AE0125C2E716F01F06FAD05E
:107EE0005344C6F1200653F8040C00F079FAB0426E
:107EF000E7DBF0E7EE960008C2F10802920070B5E9
:107F0000C2F120064368046803FA06F52C43D34007
:107F1000046040F8043F8842F4D370BD30B5036874
:107F2000013311F8014B14B90360012030BD13F87F
:107F3000012BA2F14105192D98BF2032A242F0D0A9
:107F40000020F3E72DE9F04F0B6801685E1102EBAA
:107F5000860613F01F0387B018BF04360025371FAD
:107F600082469046019346F8045CB9463C46029529
:107F7000AB464A784B1C039342B3104605910492DA
:107F8000FFF794FD002853D1049A0599202A18D8A8
:107F9000029B9B4513DD4C4506D2072D04DC2A4687
:107FA00049462046FFF7A8FF444554D90023A4F1D1
:107FB000040944F8043CCDF808B04C461D4603992A
:107FC000D7E7292A59D10231CAF80010BBF1000FB6
:107FD00053D04C4506D2072D04DC2A46494620469C
:107FE000FFF78AFF444538D9A8F10402234653F825
:107FF000041B42F8041F9F42F9D23B1B23F00303EA
:108000000134033EB44288BF002308F10402134444
:1080100000211A4604339F421160FAD23B681BB913
:10802000474528D101233B60052007B0BDE8F08F0C
:108030000135082D0BF1010B06DD4445BFD90023A6
:1080400044F8043C0125043C226800F00F0040EA9B
:1080500002102060B3E70825B1E7019B002BDDD0BB
:10806000C3F120034FF0FF32DA4056F8043C1340CE
:1080700046F8043CD2E7043FD0E70420D5E70000EF
:1080800070B50F4E0C463168054611B900F028FE58
:1080900030602146284600F023FE431C03D14FF0F8
:1080A000FF34204670BDC41C24F00304A042F8D065
:1080B000211A284600F014FE0130F2D1EFE700BF8C
:1080C000C80700202DE9F843CD1C25F0030508352D
:1080D0000C2D38BF0C25002D064601DBA94204D922
:1080E0000C2333600020BDE8F883DFF8D48000F073
:1080F0007BF8D8F800301C4644BB29463046FFF7D1
:10810000BFFF431C044658D1D8F800402746002F33
:1081100043D1002C4BD023683946304604EB030989
:1081200000F0DEFD814542D121686D1A29463046B6
:10813000FFF7A6FF01303AD023682B442360D8F81C
:1081400000305A6862BBC8F800700FE02268521B0A
:1081500020D40B2A17D96119A342256018BF596092
:10816000636808BFC8F8001062514B60304600F0E9
:1081700041F804F10B00231D20F00700C21A1CBFB8
:108180001B1AA350AFE76268A3420CBFC8F80020D7
:108190005A60EBE723466468AEE73C467F68B6E783
:1081A0001A465B68A342FBD100235360DEE70C2331
:1081B0003360304600F01EF894E70560D6E700BF54
:1081C000CC07002082B001B901A942B14BB11378AC
:1081D0000B601278101E18BF012002B070471046C5
:1081E000FBE76FF00100F8E70148FFF7A4BB00BF11
:1081F000C40700200148FFF79FBB00BFC407002051
:1082000070B5C46905460E4684B9102000F0AAFD79
:108210000446E86128B90246164B17486B2100F066
:108220006FFD0023C0E901330360C360E36853B905
:1082300021220421284600F081FDEB69E060DB6823
:108240000BB9002070BD53F8260030B1026843F826
:1082500026200023C0E90333F4E7012101FA06F4E4
:10826000621D9200284600F069FD0028E9D0C0E9AF
:108270000164EEE75F9700087697000870B5C6695D
:1082800005460C4676B9102000F06CFD0246E86108
:1082900020B9094B09488F2100F032FDC0E9016681
:1082A0000660C6603CB1EB696268DB6853F8221077
:1082B000216043F8224070BD5F9700087697000860
:1082C0002DE9F0410D6907460C461E4601F1140CDC
:1082D0000020DCF8003099B202FB01611E0C0B0C8F
:1082E00002FB063389B2013001EB034185424CF8B1
:1082F000041B4FEA1346ECDC0EB3A368AB4219DC57
:10830000616838460131FFF77BFF804628B9024695
:108310000C4B0D48BA2100F0F3FC2269023204F143
:108320000C0192000C30FFF708FB21463846FFF79E
:10833000A5FF444604EB850301355E6125612046B7
:10834000BDE8F081EE960008769700082DE9F84325
:108350000C4615461F4609220833064693FBF2F3E6
:10836000002101229A4209DB3046FFF749FF40B95C
:108370000246194B1948D32100F0C2FC52000131CA
:10838000F0E7089B4361092D4FF00103036116DDFF
:1083900004F10908C1462C4419F8013B0146303B61
:1083A0000A223046FFF78CFFA145F5D1A844A8F179
:1083B00008042D1B63199F4204DCBDE8F8830A34CE
:1083C0000925F6E714F8013B0146303B0A22304606
:1083D000FFF776FFEEE700BFEE96000876970008FD
:1083E000B0F5803F034636BF030400201020B3F1F0
:1083F000807F3CBF1B020830B3F1805F3CBF1B0194
:108400000430B3F1804F3CBF9B000230002B05DBF2
:1084100013F0804F00F1010008BF2020704703686F
:10842000024613F007000BD0D90721D4980749BFA3
:108430005B089B08012013605CBF1360022070473B
:1084400099B209B91B0C1020D9B209B908301B0A1E
:10845000190704BF1B090430990704BF9B080230A9
:10846000D90703D45B0800F1010003D01360704703
:10847000002070472020704710B50C460121FFF7FF
:10848000BFFE024628B9054B054840F2451100F0F1
:1084900037FC01234461036110BD00BFEE96000864
:1084A000769700082DE9F04FD1F81090D2F810A07F
:1084B000D14585B08846144604DB53460C46CA466F
:1084C00090469946A36861680AEB0906B342B8BFB3
:1084D0000131FFF795FE30B90246454B45484FF450
:1084E000B17100F00DFC00F1140505EB86072B4679
:1084F0000022BB421FD304F1140C08F114010CEB51
:108500008A0301EB890202921A1B153A22F0030238
:1085100015349C4288BF00220192029A03918A423C
:108520000CD8002E03DD57F8043D002B5DD006610A
:1085300005B0BDE8F08F43F8042BDAE7B1F800A0EE
:10854000BAF1000F24D0E046A9464FF0000E58F8CB
:10855000042BD9F800401FFA82FBA4B20AFB0B449B
:108560004FEA124BD9F8002074444FEA124E0AFB2E
:108570000BE202EB1442A4B244EA0244434549F838
:10858000044B4FEA124EE2D8019AAA18C2F804E04E
:10859000039AB2F802800431B8F1000F23D02A68A0
:1085A000E6469146AA464FF0000BBEF8004008FB95
:1085B00004B404EB194492B242EA04424AF8042B90
:1085C0005EF8042BDAF800904FEA124B1FFA89F29A
:1085D00008FB0B2202EB144273454FEA124BE4D81E
:1085E000019C2C196260043597E7013E99E700BFB2
:1085F000EE960008769700082DE9F843174612F02A
:10860000030280460D4607D0264C013A002354F859
:108610002220FFF755FE0546BF103FD0D8F81C407A
:1086200094B9102000F09EFB0446C8F81C0030B935
:1086300002461D4B1D4840F2B31100F061FB0023C0
:10864000C0E901330360C360A66846B940F27121F6
:108650004046FFF711FF0023A060064603602C464A
:108660004FF0000907F001037F1053B1294632464D
:108670004046FFF717FF214605464046FFF7FEFD3F
:1086800067B1306838B9324631464046FFF70AFFD5
:108690003060C0F8009006462C46E3E72846BDE867
:1086A000F88300BF949900085F9700087697000848
:1086B0002DE9F84F0C464968236903EB6218A3685B
:1086C000074615464FEA621A08F101094B450BDBD4
:1086D0003846FFF795FD064648B90246294B2A4819
:1086E0004FF4EF7100F00CFB01315B00EEE700236B
:1086F00000F1140C00F110021946534535DB2269D4
:108700002AEAEA7A0CEB8A0C04F1140315F01F0E26
:10871000614603EB82022CD0CEF1200A00251868B6
:108720008B4600FA0EF02843CBF8000053F8045BA8
:108730009A4201F1040125FA0AF5F0D8131B153B02
:1087400023F0030304F115018A4238BF00239C443F
:10875000CCF8045005B9C1463846C6F810902146F9
:10876000FFF78CFD3046BDE8F88F42F8041F013357
:10877000C3E753F8045B0D609A4201F10401F8D895
:10878000E9E700BFEE960008769700080A690346FD
:108790000069801A30B50ED11433143103EB820412
:1087A00001EB820154F8045D51F8042D954203D089
:1087B00005D24FF0FF3030BDA342F3D3FBE70120D9
:1087C000F9E700002DE9F74F8A4606461146504664
:1087D0001446FFF7DBFF051E12D129463046FFF78E
:1087E0000FFD024628B9414B40F23721404800F0C6
:1087F00087FA0123C0E90435104603B0BDE8F08FC5
:10880000BCBF5346A2463046DAF80410BABF1C4635
:1088100001250025FFF7F4FC024618B9334B40F25E
:108820004521E3E7DAF810702669C5600AF11409FA
:1088300004F1140E00F114050AF1100309EB870886
:108840000EEB86060193AB464FF0000C019B5EF8E1
:10885000040B53F804AF01931FFA8AF3194683B24D
:10886000CB1A000C6344C0EB1A4000EB23409BB2D0
:1088700043EA004376454BF8043B4FEA204CE5D8E9
:10888000331B153B153423F00303A64238BF0023E6
:10889000E8184B441C1D04302646A5EB0905464547
:1088A00006EB050E0ED308F10301091B21F00301AD
:1088B0000133984538BF0021014451F8043D9BB174
:1088C000176199E756F8041BE2464FEA11491CFA72
:1088D00081FC514409EB2C4989B241EA09414FEA34
:1088E000294CCEF80010DAE7013FE6E7EE960008E3
:1088F0007697000882B08DED000B019A0F4B134064
:10890000A3F15073002B08DC5B42B3F1A07F4FEA68
:10891000235204DA4FF400231341002208E0A2F1AD
:1089200014031E2BDABF4FF00042DA40012200236D
:108930001946104641EC100B02B070470000F07F62
:108940002DE9F041066900F1140808EB8606371F8F
:1089500056F8042C1046FFF743FDC0F120030A2807
:108960000B601B4915DCC0F10B0C22FA0CF3B84567
:1089700043EA010534BF56F8083C0023153002FADB
:1089800000F023FA0CF303431C4645EC104BBDE802
:10899000F081B8453ABF56F8083CA6F10807002315
:1089A0000B3812D0C0F1200123FA01F48240224397
:1089B000474542F07F558CBF57F8042C0022834076
:1089C000CA4045F440151343DEE742EA0105DBE700
:1089D0000000F03F2DE9F7430F46012159EC108BC1
:1089E0001646FFF70DFC044630B90246234B2448D7
:1089F00040F20F3100F084F9C9F30A55C9F31303AB
:108A00000DB143F480130193B8F1000323D06846FD
:108A10000093FFF704FD0099D8B1019AC0F120033B
:108A200002FA03F30B43C24063610192019BA3610D
:108A3000002B0CBF012202222261A5B1A5F2334511
:108A400005443D60C0F135003060204603B0BDE80C
:108A5000F0836161EAE701A8FFF7E1FC019B636134
:108A600020300122E8E704EB8203A0F232403860B4
:108A70001869FFF7B5FCC0EB4210E5E7EE96000879
:108A8000769700082DE9F04F85B0CDE9001002A9D6
:108A9000FFF756FF009803A955EC104BFFF750FF66
:108AA000019B1969009B1B69C91ADDE902329B1AF7
:108AB0005BEC10AB03EB4113002BCEBF2A46C3EB9C
:108AC00003335A462F46D946CCBF02EB035702EB7D
:108AD00003594B46524620463946F8F74FF841ECC9
:108AE000100B05B0BDE8F08F013970B5491114695C
:108AF000013102F1140300EB810103EB8404051F33
:108B0000A3420CD3A31A113B23F003031132944266
:108B100038BF002318440023884205D370BD53F8A2
:108B2000046B45F8046FEBE740F8043BF4E700F111
:108B3000140200694B11984210B511DB0ADD11F0E7
:108B40001F0107D052F8234024FA01F000FA01F186
:108B50008C420BD102EB8303934203D8002010BD5B
:108B60000346F7E753F8041D0029F5D00120F6E786
:108B70000346084641B1FF2A04D98A221A604FF001
:108B8000FF3070470A70012070470000B1F90C20D7
:108B90002DE9F041160705460C4651D44B68002BD1
:108BA00002DC0B6C002B49DDE66A002E46D0002368
:108BB00012F480522F682B6031D0626DA38959075F
:108BC00005D56368D21A636B0BB1236CD21A0023EC
:108BD000E66A216A2846B047421CB4F90C3006D137
:108BE00029681D2946D8294ACA40D60742D50022FD
:108BF0006260D9042269226004D5421C01D12B682D
:108C000003B96065616B2F60C1B104F144039942FF
:108C100002D02846FEF7AEFE002363630EE0216A11
:108C200001232846B0470246501CC7D12B68002BB1
:108C3000C4D01D2B01D0162B1AD12F6000201EE0AE
:108C40000F69002FFAD093070E6808BF4B690F60B9
:108C500018BF0023A6EB07088B60B8F1000FEDDD0D
:108C6000216AA66A43463A462846B047002808DCEF
:108C7000B4F90C3043F04003A3814FF0FF30BDE85E
:108C8000F0810744A8EB0008E7E700BF010040209F
:108C900038B50B6905460C4613B90025284638BD82
:108CA00018B1036A0BB9FEF741FDB4F90C30002B83
:108CB000F3D0626ED00704D4990502D4A06DFEF7FC
:108CC0003AFE28462146FFF761FF636EDA07054644
:108CD000E4D4A3899B05E1D4A06DFEF72DFEDDE76A
:108CE00038B5064D0023044608462B60FBF72EF9E5
:108CF000431C02D12B6803B1236038BDC00700209C
:108D00001FB514461A46094B1B680546D8684CB176
:108D1000074B0091CDE9013406492B4600F02AF8B3
:108D200000F03AF8044B1C46F3E700BF8401002032
:108D3000CF970008DC9700080A98000870B5A1FBDF
:108D4000025434B92946FFF7BDF9064628B9304622
:108D500070BD0C2202600026F9E72A462146FEF784
:108D60005FFDF4E7024B01461868FFF7ABB900BF9F
:108D7000840100200EB403B5014603AB054853F847
:108D8000042B0068019300F037F802B05DF804EBA3
:108D900003B070478401002008B5062000F08EFB68
:108DA0000120FBF721F99368013B002B10B493607D
:108DB00008DA9469A34201DB0A2903D15DF8044B68
:108DC00000F0C2BA1368581C1060197008465DF8AC
:108DD000044B7047F8B506460F461446D518AC420A
:108DE00001D1002007E014F8011B3A463046FFF796
:108DF000DAFF431CF3D1F8BD2DE9F0470D469CB0D6
:108E000014461F46064618B1036A0BB9FEF78EFCDE
:108E10006B6ED90705D4AB899A0502D4A86DFEF70D
:108E20008AFDAB891B0701D52B699BB929463046C2
:108E300000F0C8FA70B16B6EDC0704D54FF0FF305C
:108E40001CB0BDE8F087AB899805F7D4A86DFEF794
:108E500073FDF3E70023099320238DF8293003974E
:108E600030236A4F8DF82A304FF001082346994687
:108E700013F8012B0AB1252AF9D1B9EB040A0BD05A
:108E80005346224629463046FFF7A4FF013000F042
:108E9000A480099A5244099299F80030002B00F0FE
:108EA0009C8000234FF0FF32CDE9052309F1010931
:108EB000049307938DF853301A934C46534814F893
:108EC000011B0522F7F724FB049BD0B9D90644BF48
:108ED00020228DF853201A0744BF2B228DF85320EF
:108EE00099F800202A2A13D0079A4C4600204FF008
:108EF0000A0C214611F8013B303B092B49D968B9CE
:108F000013E0C01B08FA00F018430490A146D4E710
:108F1000039A111D12680391002A01DB079204E0F5
:108F2000524243F002030792049323782E2B0AD176
:108F300063782A2B32D1039B1A1D1B68039243EAE4
:108F4000E37302340593DFF8D49021780322484676
:108F5000F7F7DEFA38B1049BA0EB0900402282400B
:108F600013430134049314F8011B29488DF8281089
:108F70000622F7F7CDFA00283ED0264818BB039BFF
:108F8000073323F0070308330393099B0344099332
:108F90006CE70CFB02320C460120AAE700230134E7
:108FA000059319464FF00A0C204610F8012B303A71
:108FB000092A03D9002BC6D00591C4E70CFB012177
:108FC00004460123F0E703AB00932A46124B04A9A1
:108FD0003046AFF30080431CD7D16B6ED90705D460
:108FE000AB899A0502D4A86DFEF7A6FCAB895B0697
:108FF0003FF524AF099823E703AB00932A46064BBD
:1090000004A9304600F07AF8E5E700BF0B980008A5
:109010001598000800000000D58D00081198000880
:109020002DE9F047164698468A680B69DDF82090CE
:109030009342B8BF1346336091F8432007460C466D
:109040000AB1013333602368990642BF33680233A3
:109050003360256815F0060506D104F1190AE368A6
:1090600032689B1AAB4226DC94F843302268003BFE
:1090700018BF012392062BD404F14302414638461F
:10908000C84701301ED02368226903F00603042B71
:1090900002BFE5683368ED1AA3680CBF25EAE575E1
:1090A00000259342C4BF9B1AED1800261A34B5421E
:1090B0001AD1002008E00123524641463846C847ED
:1090C000013003D14FF0FF30BDE8F0870135C6E72E
:1090D000E1185A1C302081F84300224494F84510CE
:1090E00082F843100233C7E701232246414638463F
:1090F000C8470130E6D00136D9E700002DE9F0433A
:109100000D7E85B0782D90460C9E07460C469946FC
:1091100001F1430207D8622D0AD8002D00F0D78054
:10912000582D00F0BC8004F1420684F842503BE028
:10913000A5F16303152BF6D801A151F823F000BF68
:1091400099910008AD910008279100082791000827
:109150002791000827910008AD9100082791000889
:10916000279100082791000827910008B592000870
:10917000D7910008679200082791000827910008FE
:10918000D792000827910008D7910008279100087E
:10919000279100086F92000833681A1D1B6832601F
:1091A00004F1420684F842300123A1E033682068CC
:1091B000191D3160060601D51D6803E04506FBD583
:1091C000B3F90050002D03DA2D236D4284F84330AB
:1091D0005B480A2311E021683368080653F8045BF2
:1091E00002D4490648BFADB23360237E54486F2B8A
:1091F0005CD10823002184F843106668A660002E25
:1092000005DB21682E4321F00401216050D0164671
:10921000B5FBF3F103FB115C10F80CC006F801CDAF
:10922000AC4663450D46F3D9082B0BD12368DB0709
:1092300008D5236961689942DEBF302306F8013CF6
:1092400006F1FF36921B2261CDF80090434603AA37
:1092500021463846FFF7E4FE01304ED14FF0FF3093
:1092600005B0BDE8F083236843F020032360354850
:10927000782584F845502368316813F0800F51F841
:10928000045B03D113F0400F18BFADB23160D907B2
:1092900044BF43F0200323601DB11023AAE72848F0
:1092A000E7E7236823F020032360F6E70A23A1E71A
:1092B0001646B9E7336825686169181D30602E06C7
:1092C0001B6801D5196002E06806FBD519800023F0
:1092D00023611646B8E733681A1D32601E6862685B
:1092E00000213046F7F714F908B1801B606063680D
:1092F0002361002384F84330A6E7236932464146C0
:109300003846C8470130A9D023689B0713D4E068CA
:10931000039B9842B8BF1846A2E701233246414654
:109320003846C847013099D00135E36803995B1A84
:10933000AB42F2DCEBE7002504F11906F5E700BFCC
:109340001C9800082D980008F8B50E4614460546EE
:1093500018B1036A0BB9FEF7E9F9A369A360A38901
:109360001A0701D5236943B92146284600F02AF897
:1093700018B14FF0FF373846F8BD23682269981AB4
:109380006369F6B28342374605DC21462846FFF77B
:109390007FFC0028EDD1A368013BA36023685A1C21
:1093A00022601E706269431C9A4204D0A389DB07C5
:1093B000E1D50A2EDFD121462846FFF769FC0028B7
:1093C000D9D0D6E738B5284B054618680C4618B1F1
:1093D000036A0BB9FEF7AAF9B4F90C301A0721D4C5
:1093E000D80607D409222A6043F04003A3814FF036
:1093F000FF3030E0590712D5616B41B104F14403ED
:10940000994202D02846FEF7B5FA00236363002292
:10941000B4F90C3062602269226023F0240343F027
:109420000803A38122693AB99A0501D5180603D524
:109430002146284600F082F8B4F90C3013F00102FE
:109440000AD00022A26062695242A261226942B936
:1094500013F08000C8D138BD990758BF6269A26077
:10946000F4E70020F7E700BF840100201F2938B58A
:1094700005460C4604D9162303604FF0FF3038BD73
:10948000C26B12B152F821304BB9284600F030F8C7
:10949000224601462846BDE8384000F017B8012BA7
:1094A0000AD0591C03D1162303600120E7E70021ED
:1094B00042F82410204698470020E0E7024B01467E
:1094C0001868FFF7D3BF00BF8401002038B5074DEF
:1094D00000230446084611462B60FAF775FD431C2D
:1094E00002D12B6803B1236038BD00BFC007002044
:1094F000FAF762BD70B50C46B1F90E10002996B0AE
:1095000015461E460ADAA18911F0800113D14FF4E5
:109510008062002031602A6016B070BD6A4600F09B
:1095200047F80028EFDB019901F47041A1F50053E1
:1095300059425941EBE700214022EAE78B8973B594
:109540009E0705460C4607D504F1470323602361B7
:109550000123636102B070BD01AB6A46FFF7CAFF29
:10956000009E28463146FEF7ADFDB4F90C3038B9FF
:109570009A05EFD423F0030343F00203A381E3E74A
:1095800043F08003A381019B2060C4E90406002B03
:10959000E0D0B4F90E10284600F01CF80028D9D00D
:1095A000A38923F0030343F00103A381D2E7000062
:1095B00038B5074D00230446084611462B60FAF7DC
:1095C00063FD431C02D12B6803B1236038BD00BF8B
:1095D000C007002038B5064D0023044608462B601E
:1095E000FAF762FD431C02D12B6803B1236038BD3A
:1095F000C0070020F8B500BFF8BC08BC9E46704705
:0C960000F8B500BFF8BC08BC9E467047DF
:10961000454E5F4F4B0D0A004D4F56455F45525228
:109620000D0A000053544F505F4F4B0D0A000000CD
:1096300046414E5F4552520D0A00000046414E5FC2
:109640004F4B0D0A000000004C45445F4552520D3F
:109650000A0000004C45445F4F4B0D0A000000001B
:10966000444F4F525F4552520D0A0000444F4F5233
:109670005F4F4B0D0A000000454E00004D4F564510
:109680000000000046414E004C454400444F4F52FC
:109690000000000053544F500000000072656164E8
:1096A000790D0A004D4F56455F4F4B0D0A000000E3
:1096B0000000000000000000010203040607080982
:1096C000000000000102030400000000040000008C
:1096D000080000000C0000002E006E6600696E6934
:1096E000747900616E004300504F53495800426145
:1096F0006C6C6F6320737563636565646564002FCC
:109700006275696C642F676E752D746F6F6C732D45
:10971000666F722D73746D33325F31342E332E7257
:10972000656C312E32303235313032372D303730B2
:10973000302F7372632F6E65776C69622F6E657759
:109740006C69622F6C6962632F7374646C69622F39
:109750006764746F612D6765746865782E63005265
:1097600045454E54206D616C6C6F63207375636367
:109770006565646564002F6275696C642F676E753A
:109780002D746F6F6C732D666F722D73746D333221
:109790005F31342E332E72656C312E3230323531DA
:1097A0003032372D303730302F7372632F6E65773C
:1097B0006C69622F6E65776C69622F6C6962632FCA
:1097C0007374646C69622F6D707265632E63002C14
:1097D0002066756E6374696F6E3A200061737365FD
:1097E0007274696F6E2022257322206661696C6530
:1097F000643A2066696C6520222573222C206C69EE
:109800006E65202564257325730A00232D302B20D7
:1098100000686C4C0065666745464700303132335E
:1098200034353637383941424344454600303132C9
:109830003334353637383961626364656600000059
:1098400034000000CEFBFFFFCB030000010000004E
:109850000000000035000000CEFBFFFFCB0300003E
:109860000100000000000000BC89D897B2D29C3CE7
:1098700033A7A8D523F649393DA7F444FD0FA532F7
:109880009D978CCF08BA5B25436FAC64280668119E
:1098900000202020202020202020282828282820C0
:1098A00020202020202020202020202020202020B8
:1098B0002088101010101010101010101010101020
:1098C0001004040404040404040404101010101010
:1098D00010104141414141410101010101010101DA
:1098E000010101010101010101010101101010102C
:1098F00010104242424242420202020202020202AC
:1099000002020202020202020202020210101010FF
:109910002000000000000000000000000000000027
:109920000000000000000000000000000000000037
:109930000000000000000000000000000000000027
:109940000000000000000000000000000000000017
:109950000000000000000000000000000000000007
:1099600000000000000000000000000000000000F7
:1099700000000000000000000000000000000000E7
:1099800000000000000000000000000000000000D7
:109990000000000005000000190000007D0000002C
:1099A0000080E03779C34143176E05B5B5B89346DB
:1099B000F5F93FE9034F384D321D30F94877825AA7
:1099C0003CBF737FDD4F1575000000000000F03FC5
:1099D000000000000000244000000000000059408A
:1099E0000000000000408F40000000000088C340DD
:1099F00000000000006AF8400000000080842E4152
:109A000000000000D01263410000000084D797419D
:109A10000000000065CDCD41000000205FA00242A3
:109A2000000000E876483742000000A2941A6D4218
:109A3000000040E59C30A2420000901EC4BCD6420B
:109A400000003426F56B0C430080E03779C34143B6
:109A500000A0D8855734764300C84E676DC1AB432C
:109A6000003D9160E458E143408CB5781DAF15444A
:109A700050EFE2D6E41A4B4492D54D06CFF0804425
:109A8000F64AE1C7022DB544B49DD9794378EA443A
:089A90007067FF7F0100000078
:049A9800B50100080C
:049A9C00910100082C
:109AA0000024F4001000000001000000000000008D
:109AB00003000000840600204300000000000000B6
:109AC0000000000000000000000000000000000096
:109AD0000000000000000000430000000000000043
:109AE0000000000000000000000000000000000076
:109AF0000000000000000000430000000000000023
:109B00000000000000000000000000000000000055
:109B10000000000000000000430000000000000002
:109B20000000000000000000000000000000000035
:109B300000000000000000004300000000000000E2
:109B40000000000000000000000000000000000015
:109B500000000000000000004300000000000000C2
:109B600000000000000000000000000000000000F5
:109B700000000000000000004300000000000000A2
:109B800000000000000000000000000000000000D5
:109B90000000000000000000718B0008C581000873
:109BA0000000000090980008D89600080A98000865
:109BB0000A9800080A9800080A9800080A980008FD
:109BC0000A9800080A9800080A9800080A980008ED
:109BD000FFFFFFFFFFFFFFFFFFFFFFFFFFFF000093
:109BE000010041534349490000000000000000000B
:109BF0000000000000000000000000000000000065
:109C000000004153434949000000000000000000EB
:109C10000000000000000000000000000000000044
:109C200000000000880100200000000084060020E1
:109C3000EC06002054070020000000000000000097
:109C40000000000000000000000000000000000014
:109C50000000000000000000000000000000000004
:109C600000000000000000000000000000000000F4
:049C700000000000F0
:04000005080067A5E3
:00000001FF
